ID,Species,Taxid,RefID
SRR15115262.10017186,Cutibacterium_acnes,1747,NZ_CP012354.1
SRR15115262.10017186,Cutibacterium_acnes,1747,NZ_CP012354.1
SRR15115262.10031444,Janibacter_melonis,262209,NZ_CP044548.2
SRR15115262.10031444,Janibacter_melonis,262209,NZ_CP044548.2
SRR15115262.10150803,Acinetobacter_johnsonii,40214,NZ_CP022298.1
SRR15115262.10150803,Acinetobacter_johnsonii,40214,NZ_CP022298.1
SRR15115262.10163139,Moraxella_osloensis,34062,NZ_CP040257.1
SRR15115262.10163139,Moraxella_osloensis,34062,NZ_CP040257.1
SRR15115262.10171583,Acinetobacter_johnsonii,40214,NZ_CP037424.1
SRR15115262.10171583,Acinetobacter_johnsonii,40214,NZ_CP037424.1
SRR15115262.10198077,Acinetobacter_johnsonii,40214,NZ_CP022298.1
SRR15115262.10198077,Acinetobacter_johnsonii,40214,NZ_CP022298.1
SRR15115262.10239101,Acinetobacter_johnsonii,40214,NZ_CP022298.1
SRR15115262.1024234,Acinetobacter_johnsonii,40214,NZ_CP037424.1
SRR15115262.1024234,Acinetobacter_johnsonii,40214,NZ_CP037424.1
SRR15115262.10245817,Sphingomonas_melonis,152682,NZ_CP023705.1
SRR15115262.10245817,Sphingomonas_melonis,152682,NZ_CP023705.1
SRR15115262.10245817,Sphingomonas_melonis,152682,NZ_CP023705.1
SRR15115262.10245817,Sphingomonas_melonis,152682,NZ_CP023705.1
SRR15115262.10275740,Acinetobacter_baumannii,470,NZ_CP028138.1
SRR15115262.10338593,Janibacter_melonis,262209,NZ_CP044548.2
SRR15115262.10338593,Janibacter_melonis,262209,NZ_CP044548.2
SRR15115262.10357021,Janibacter_melonis,262209,NZ_CP044548.2
SRR15115262.10366842,Sphingomonas_melonis,152682,NZ_CP023705.1
SRR15115262.10366842,Sphingomonas_melonis,152682,NZ_CP023705.1
SRR15115262.10366842,Sphingomonas_melonis,152682,NZ_CP023705.1
SRR15115262.10366842,Sphingomonas_melonis,152682,NZ_CP023705.1
SRR15115262.10455254,Sphingobium_hydrophobicum,1673076,NZ_CP022745.1
SRR15115262.10455254,Sphingobium_hydrophobicum,1673076,NZ_CP022745.1
SRR15115262.10455254,Sphingobium_hydrophobicum,1673076,NZ_CP022745.1
SRR15115262.10455254,Sphingobium_hydrophobicum,1673076,NZ_CP022745.1
SRR15115262.10558823,Acinetobacter_johnsonii,40214,NZ_CP037424.1
SRR15115262.10558823,Acinetobacter_johnsonii,40214,NZ_CP037424.1
SRR15115262.10578459,Acinetobacter_johnsonii,40214,NZ_CP022298.1
SRR15115262.10578459,Acinetobacter_johnsonii,40214,NZ_CP022298.1
SRR15115262.10581911,Moraxella_osloensis,34062,NZ_CP024185.2
SRR15115262.10581911,Moraxella_osloensis,34062,NZ_CP024185.2
SRR15115262.10581911,Moraxella_osloensis,34062,NZ_CP024185.2
SRR15115262.10581911,Moraxella_osloensis,34062,NZ_CP024185.2
SRR15115262.10596738,Janibacter_melonis,262209,NZ_CP044548.2
SRR15115262.10596738,Janibacter_melonis,262209,NZ_CP044548.2
SRR15115262.10596738,Janibacter_melonis,262209,NZ_CP044548.2
SRR15115262.10596738,Janibacter_melonis,262209,NZ_CP044548.2
SRR15115262.10612473,Sphingobium_hydrophobicum,1673076,NZ_CP022745.1
SRR15115262.10612473,Sphingobium_hydrophobicum,1673076,NZ_CP022745.1
SRR15115262.10612473,Sphingobium_hydrophobicum,1673076,NZ_CP022745.1
SRR15115262.10612473,Sphingobium_hydrophobicum,1673076,NZ_CP022745.1
SRR15115262.10643302,Acinetobacter_johnsonii,40214,NZ_CP037424.1
SRR15115262.10643302,Acinetobacter_johnsonii,40214,NZ_CP037424.1
SRR15115262.10679697,Delftia_tsuruhatensis,180282,NZ_CP045291.1
SRR15115262.10679697,Delftia_tsuruhatensis,180282,NZ_CP045291.1
SRR15115262.10679697,Delftia_tsuruhatensis,180282,NZ_CP045291.1
SRR15115262.10679697,Delftia_tsuruhatensis,180282,NZ_CP045291.1
SRR15115262.10679814,Delftia_tsuruhatensis,180282,NZ_CP017420.1
SRR15115262.10679814,Delftia_tsuruhatensis,180282,NZ_CP017420.1
SRR15115262.10682896,Acinetobacter_johnsonii,40214,NZ_CP037424.1
SRR15115262.10682896,Acinetobacter_johnsonii,40214,NZ_CP037424.1
SRR15115262.10683738,Acinetobacter_johnsonii,40214,NZ_CP031011.1
SRR15115262.10683738,Acinetobacter_johnsonii,40214,NZ_CP031011.1
SRR15115262.10689835,Klebsiella_pneumoniae,573,NZ_LR607360.1
SRR15115262.10745893,Bradyrhizobium_sp._BTAi1,288000,NC_009485.1
SRR15115262.10745893,Bradyrhizobium_sp._BTAi1,288000,NC_009485.1
SRR15115262.10746312,Bradyrhizobium_sp._BTAi1,288000,NC_009485.1
SRR15115262.10746312,Bradyrhizobium_sp._BTAi1,288000,NC_009485.1
SRR15115262.10814203,Acinetobacter_johnsonii,40214,NZ_CP022298.1
SRR15115262.10814203,Acinetobacter_johnsonii,40214,NZ_CP022298.1
SRR15115262.10885020,Janibacter_melonis,262209,NZ_CP044548.2
SRR15115262.10885020,Janibacter_melonis,262209,NZ_CP044548.2
SRR15115262.10885020,Janibacter_melonis,262209,NZ_CP044548.2
SRR15115262.10885020,Janibacter_melonis,262209,NZ_CP044548.2
SRR15115262.10890474,Delftia_tsuruhatensis,180282,NZ_CP017420.1
SRR15115262.10890474,Delftia_tsuruhatensis,180282,NZ_CP017420.1
SRR15115262.10890474,Delftia_tsuruhatensis,180282,NZ_CP017420.1
SRR15115262.10890474,Delftia_tsuruhatensis,180282,NZ_CP017420.1
SRR15115262.10945989,Acinetobacter_johnsonii,40214,NZ_CP022298.1
SRR15115262.10945989,Acinetobacter_johnsonii,40214,NZ_CP022298.1
SRR15115262.10976324,Acinetobacter_johnsonii,40214,NZ_CP022298.1
SRR15115262.10976324,Acinetobacter_johnsonii,40214,NZ_CP022298.1
SRR15115262.1107557,Acinetobacter_johnsonii,40214,NZ_CP022298.1
SRR15115262.1107557,Acinetobacter_johnsonii,40214,NZ_CP022298.1
SRR15115262.1107557,Acinetobacter_johnsonii,40214,NZ_CP022298.1
SRR15115262.1107557,Acinetobacter_johnsonii,40214,NZ_CP022298.1
SRR15115262.1108685,Acinetobacter_johnsonii,40214,NZ_CP022298.1
SRR15115262.1108685,Acinetobacter_johnsonii,40214,NZ_CP022298.1
SRR15115262.11102684,Klebsiella_pneumoniae,573,NZ_LR607360.1
SRR15115262.11154231,Clostridium_botulinum,1491,NZ_CP027778.1
SRR15115262.11154231,Clostridium_botulinum,1491,NZ_CP027778.1
SRR15115262.11213232,Acinetobacter_johnsonii,40214,NZ_CP022298.1
SRR15115262.11213232,Acinetobacter_johnsonii,40214,NZ_CP022298.1
SRR15115262.11260234,Ralstonia_pickettii,329,NZ_CP023537.1
SRR15115262.11260234,Ralstonia_pickettii,329,NZ_CP023537.1
SRR15115262.11345639,Acinetobacter_johnsonii,40214,NZ_CP037424.1
SRR15115262.11345639,Acinetobacter_johnsonii,40214,NZ_CP037424.1
SRR15115262.1134733,Acinetobacter_johnsonii,40214,NZ_CP037424.1
SRR15115262.1134733,Acinetobacter_johnsonii,40214,NZ_CP037424.1
SRR15115262.11371587,Cutibacterium_acnes,1747,NZ_CP013693.1
SRR15115262.11371587,Cutibacterium_acnes,1747,NZ_CP013693.1
SRR15115262.11371587,Cutibacterium_acnes,1747,NZ_CP013693.1
SRR15115262.11371587,Cutibacterium_acnes,1747,NZ_CP013693.1
SRR15115262.11500109,Moraxella_osloensis,34062,NZ_CP024185.2
SRR15115262.11505637,Janibacter_melonis,262209,NZ_CP044548.2
SRR15115262.11505637,Janibacter_melonis,262209,NZ_CP044548.2
SRR15115262.11505637,Janibacter_melonis,262209,NZ_CP044548.2
SRR15115262.11505637,Janibacter_melonis,262209,NZ_CP044548.2
SRR15115262.11526091,Acinetobacter_johnsonii,40214,NZ_CP037424.1
SRR15115262.11526091,Acinetobacter_johnsonii,40214,NZ_CP037424.1
SRR15115262.11553844,Acinetobacter_johnsonii,40214,NZ_CP022298.1
SRR15115262.11553844,Acinetobacter_johnsonii,40214,NZ_CP022298.1
SRR15115262.11573253,Acinetobacter_johnsonii,40214,NZ_CP022298.1
SRR15115262.11732798,Moraxella_osloensis,34062,NZ_CP047226.1
SRR15115262.11732798,Moraxella_osloensis,34062,NZ_CP047226.1
SRR15115262.11732798,Moraxella_osloensis,34062,NZ_CP047226.1
SRR15115262.11732798,Moraxella_osloensis,34062,NZ_CP047226.1
SRR15115262.11775610,Sphingomonas_melonis,152682,NZ_CP023705.1
SRR15115262.11775610,Sphingomonas_melonis,152682,NZ_CP023705.1
SRR15115262.11775610,Sphingomonas_melonis,152682,NZ_CP023705.1
SRR15115262.11775610,Sphingomonas_melonis,152682,NZ_CP023705.1
SRR15115262.11776758,Sphingomonas_melonis,152682,NZ_CP023705.1
SRR15115262.11776758,Sphingomonas_melonis,152682,NZ_CP023705.1
SRR15115262.11827758,Acinetobacter_johnsonii,40214,NZ_CP022298.1
SRR15115262.11829664,Acinetobacter_johnsonii,40214,NZ_CP031011.1
SRR15115262.1186983,Janibacter_melonis,262209,NZ_CP044548.2
SRR15115262.1186983,Janibacter_melonis,262209,NZ_CP044548.2
SRR15115262.1186983,Janibacter_melonis,262209,NZ_CP044548.2
SRR15115262.1186983,Janibacter_melonis,262209,NZ_CP044548.2
SRR15115262.11881797,Acinetobacter_johnsonii,40214,NZ_CP037424.1
SRR15115262.11881797,Acinetobacter_johnsonii,40214,NZ_CP037424.1
SRR15115262.11885991,Acinetobacter_johnsonii,40214,NZ_CP022298.1
SRR15115262.11885991,Acinetobacter_johnsonii,40214,NZ_CP022298.1
SRR15115262.11887826,Klebsiella_pneumoniae,573,NZ_LR607360.1
SRR15115262.11909397,Acinetobacter_johnsonii,40214,NZ_CP037424.1
SRR15115262.11909397,Acinetobacter_johnsonii,40214,NZ_CP037424.1
SRR15115262.11909397,Acinetobacter_johnsonii,40214,NZ_CP037424.1
SRR15115262.11909397,Acinetobacter_johnsonii,40214,NZ_CP037424.1
SRR15115262.12029558,Stenotrophomonas_maltophilia,40324,NZ_CP014014.1
SRR15115262.12029558,Stenotrophomonas_maltophilia,40324,NZ_CP014014.1
SRR15115262.12029558,Stenotrophomonas_maltophilia,40324,NZ_CP014014.1
SRR15115262.12029558,Stenotrophomonas_maltophilia,40324,NZ_CP014014.1
SRR15115262.12106677,Sphingobium_hydrophobicum,1673076,NZ_CP022745.1
SRR15115262.12106677,Sphingobium_hydrophobicum,1673076,NZ_CP022745.1
SRR15115262.12181616,Delftia_tsuruhatensis,180282,NZ_CP045291.1
SRR15115262.12181616,Delftia_tsuruhatensis,180282,NZ_CP045291.1
SRR15115262.12181616,Delftia_tsuruhatensis,180282,NZ_CP045291.1
SRR15115262.12181616,Delftia_tsuruhatensis,180282,NZ_CP045291.1
SRR15115262.12215655,Moraxella_osloensis,34062,NZ_CP047226.1
SRR15115262.12215655,Moraxella_osloensis,34062,NZ_CP047226.1
SRR15115262.12232621,Acinetobacter_johnsonii,40214,NZ_CP022298.1
SRR15115262.12232621,Acinetobacter_johnsonii,40214,NZ_CP022298.1
SRR15115262.12232621,Acinetobacter_johnsonii,40214,NZ_CP022298.1
SRR15115262.12232621,Acinetobacter_johnsonii,40214,NZ_CP022298.1
SRR15115262.12235754,Bradyrhizobium_guangzhouense,1325095,NZ_CP030053.1
SRR15115262.12235754,Bradyrhizobium_guangzhouense,1325095,NZ_CP030053.1
SRR15115262.12235754,Bradyrhizobium_guangzhouense,1325095,NZ_CP030053.1
SRR15115262.12235754,Bradyrhizobium_guangzhouense,1325095,NZ_CP030053.1
SRR15115262.12306711,Bradyrhizobium_sp._BTAi1,288000,NC_009485.1
SRR15115262.12306711,Bradyrhizobium_sp._BTAi1,288000,NC_009485.1
SRR15115262.12306711,Bradyrhizobium_sp._BTAi1,288000,NC_009485.1
SRR15115262.12306711,Bradyrhizobium_sp._BTAi1,288000,NC_009485.1
SRR15115262.12313570,Pseudomonas_putida,303,NZ_CP022560.1
SRR15115262.12313570,Pseudomonas_putida,303,NZ_CP022560.1
SRR15115262.12313570,Pseudomonas_putida,303,NZ_CP022560.1
SRR15115262.12313570,Pseudomonas_putida,303,NZ_CP022560.1
SRR15115262.12335747,Methyloversatilis_sp._RAC08,1842540,NZ_CP016448.1
SRR15115262.12335747,Methyloversatilis_sp._RAC08,1842540,NZ_CP016448.1
SRR15115262.12335747,Methyloversatilis_sp._RAC08,1842540,NZ_CP016448.1
SRR15115262.12335747,Methyloversatilis_sp._RAC08,1842540,NZ_CP016448.1
SRR15115262.12368039,Sphingomonas_melonis,152682,NZ_CP023705.1
SRR15115262.12368039,Sphingomonas_melonis,152682,NZ_CP023705.1
SRR15115262.12368039,Sphingomonas_melonis,152682,NZ_CP023705.1
SRR15115262.12368039,Sphingomonas_melonis,152682,NZ_CP023705.1
SRR15115262.12378361,Acinetobacter_johnsonii,40214,NZ_CP022298.1
SRR15115262.12378521,Acinetobacter_johnsonii,40214,NZ_CP022298.1
SRR15115262.12380153,Acinetobacter_johnsonii,40214,NZ_CP037424.1
SRR15115262.12380153,Acinetobacter_johnsonii,40214,NZ_CP037424.1
SRR15115262.12380153,Acinetobacter_johnsonii,40214,NZ_CP037424.1
SRR15115262.12380153,Acinetobacter_johnsonii,40214,NZ_CP037424.1
SRR15115262.12383916,Methyloversatilis_sp._RAC08,1842540,NZ_CP016448.1
SRR15115262.12486314,Mitsuaria_sp._7,1658665,NZ_CP011514.1
SRR15115262.12486314,Mitsuaria_sp._7,1658665,NZ_CP011514.1
SRR15115262.12486314,Mitsuaria_sp._7,1658665,NZ_CP011514.1
SRR15115262.12486314,Mitsuaria_sp._7,1658665,NZ_CP011514.1
SRR15115262.12494635,Sphingomonas_melonis,152682,NZ_CP023705.1
SRR15115262.12494635,Sphingomonas_melonis,152682,NZ_CP023705.1
SRR15115262.12494635,Sphingomonas_melonis,152682,NZ_CP023705.1
SRR15115262.12494635,Sphingomonas_melonis,152682,NZ_CP023705.1
SRR15115262.12522383,Acinetobacter_johnsonii,40214,NZ_CP022298.1
SRR15115262.12522383,Acinetobacter_johnsonii,40214,NZ_CP022298.1
SRR15115262.12536263,Acinetobacter_johnsonii,40214,NZ_CP022298.1
SRR15115262.12536263,Acinetobacter_johnsonii,40214,NZ_CP022298.1
SRR15115262.12566421,Aquabacterium_olei,1296669,NZ_CP029210.1
SRR15115262.12566421,Aquabacterium_olei,1296669,NZ_CP029210.1
SRR15115262.1257671,Acinetobacter_johnsonii,40214,NZ_CP022298.1
SRR15115262.1257671,Acinetobacter_johnsonii,40214,NZ_CP022298.1
SRR15115262.1258688,Janibacter_melonis,262209,NZ_CP044548.2
SRR15115262.1258688,Janibacter_melonis,262209,NZ_CP044548.2
SRR15115262.1258688,Janibacter_melonis,262209,NZ_CP044548.2
SRR15115262.1258688,Janibacter_melonis,262209,NZ_CP044548.2
SRR15115262.12589086,Bradyrhizobium_sp._BTAi1,288000,NC_009485.1
SRR15115262.12589086,Bradyrhizobium_sp._BTAi1,288000,NC_009485.1
SRR15115262.12589086,Bradyrhizobium_sp._BTAi1,288000,NC_009485.1
SRR15115262.12589086,Bradyrhizobium_sp._BTAi1,288000,NC_009485.1
SRR15115262.12594919,Acinetobacter_johnsonii,40214,NZ_CP031011.1
SRR15115262.12594919,Acinetobacter_johnsonii,40214,NZ_CP031011.1
SRR15115262.12599571,Methylomonas_clara,417,NZ_CP033953.1
SRR15115262.12599571,Methylomonas_clara,417,NZ_CP033953.1
SRR15115262.12644571,Janibacter_melonis,262209,NZ_CP044548.2
SRR15115262.12644571,Janibacter_melonis,262209,NZ_CP044548.2
SRR15115262.12690284,Acinetobacter_johnsonii,40214,NZ_CP037424.1
SRR15115262.12690284,Acinetobacter_johnsonii,40214,NZ_CP037424.1
SRR15115262.12697199,Cutibacterium_acnes,1747,NZ_CP012647.1
SRR15115262.12697199,Cutibacterium_acnes,1747,NZ_CP012647.1
SRR15115262.12697199,Cutibacterium_acnes,1747,NZ_CP012647.1
SRR15115262.12697199,Cutibacterium_acnes,1747,NZ_CP012647.1
SRR15115262.127017,Mitsuaria_sp._7,1658665,NZ_CP011514.1
SRR15115262.127017,Mitsuaria_sp._7,1658665,NZ_CP011514.1
SRR15115262.12705904,Janibacter_melonis,262209,NZ_CP044548.2
SRR15115262.12705904,Janibacter_melonis,262209,NZ_CP044548.2
SRR15115262.12705904,Janibacter_melonis,262209,NZ_CP044548.2
SRR15115262.12705904,Janibacter_melonis,262209,NZ_CP044548.2
SRR15115262.1271474,Ralstonia_insidiosa,190721,NZ_CP016022.1
SRR15115262.1271474,Ralstonia_insidiosa,190721,NZ_CP016022.1
SRR15115262.12756335,Acinetobacter_johnsonii,40214,NZ_CP031011.1
SRR15115262.1278381,Acinetobacter_johnsonii,40214,NZ_CP031011.1
SRR15115262.1278381,Acinetobacter_johnsonii,40214,NZ_CP031011.1
SRR15115262.12793524,Moraxella_osloensis,34062,NZ_CP024185.2
SRR15115262.12793524,Moraxella_osloensis,34062,NZ_CP024185.2
SRR15115262.12873922,Halomonas_sp._JS92-SW72,2306583,NZ_CP032147.1
SRR15115262.12914873,Acinetobacter_johnsonii,40214,NZ_CP022298.1
SRR15115262.12914873,Acinetobacter_johnsonii,40214,NZ_CP022298.1
SRR15115262.12914873,Acinetobacter_johnsonii,40214,NZ_CP022298.1
SRR15115262.12914873,Acinetobacter_johnsonii,40214,NZ_CP022298.1
SRR15115262.12929956,Acinetobacter_johnsonii,40214,NZ_CP043307.1
SRR15115262.12933004,Sphingomonas_melonis,152682,NZ_CP023705.1
SRR15115262.12933004,Sphingomonas_melonis,152682,NZ_CP023705.1
SRR15115262.12959732,Acinetobacter_johnsonii,40214,NZ_CP037424.1
SRR15115262.12959732,Acinetobacter_johnsonii,40214,NZ_CP037424.1
SRR15115262.12968777,Acinetobacter_johnsonii,40214,NZ_CP037424.1
SRR15115262.12968777,Acinetobacter_johnsonii,40214,NZ_CP037424.1
SRR15115262.12990789,Janibacter_melonis,262209,NZ_CP044548.2
SRR15115262.12990789,Janibacter_melonis,262209,NZ_CP044548.2
SRR15115262.13002911,Acinetobacter_johnsonii,40214,NZ_CP031011.1
SRR15115262.13010796,Acinetobacter_johnsonii,40214,NZ_CP022298.1
SRR15115262.13010796,Acinetobacter_johnsonii,40214,NZ_CP022298.1
SRR15115262.13060008,Klebsiella_pneumoniae,573,NZ_LR607360.1
SRR15115262.13089161,Moraxella_osloensis,34062,NZ_CP024180.2
SRR15115262.13089161,Moraxella_osloensis,34062,NZ_CP024180.2
SRR15115262.13089161,Moraxella_osloensis,34062,NZ_CP024180.2
SRR15115262.13089161,Moraxella_osloensis,34062,NZ_CP024180.2
SRR15115262.1312537,Acinetobacter_johnsonii,40214,NZ_CP037424.1
SRR15115262.13146437,Janibacter_melonis,262209,NZ_CP044548.2
SRR15115262.13146437,Janibacter_melonis,262209,NZ_CP044548.2
SRR15115262.1316401,Sphingomonas_melonis,152682,NZ_CP023705.1
SRR15115262.1316401,Sphingomonas_melonis,152682,NZ_CP023705.1
SRR15115262.13164214,Acinetobacter_johnsonii,40214,NZ_CP037424.1
SRR15115262.13164214,Acinetobacter_johnsonii,40214,NZ_CP037424.1
SRR15115262.13164214,Acinetobacter_johnsonii,40214,NZ_CP037424.1
SRR15115262.13164214,Acinetobacter_johnsonii,40214,NZ_CP037424.1
SRR15115262.13285874,Clostridium_botulinum,1491,NZ_CP027778.1
SRR15115262.13285874,Clostridium_botulinum,1491,NZ_CP027778.1
SRR15115262.13377732,Clostridium_botulinum,1491,NZ_CP027778.1
SRR15115262.13377732,Clostridium_botulinum,1491,NZ_CP027778.1
SRR15115262.13446029,Acinetobacter_lwoffii,28090,NZ_CP054822.1
SRR15115262.13457365,Janibacter_melonis,262209,NZ_CP044548.2
SRR15115262.13457365,Janibacter_melonis,262209,NZ_CP044548.2
SRR15115262.13457365,Janibacter_melonis,262209,NZ_CP044548.2
SRR15115262.13457365,Janibacter_melonis,262209,NZ_CP044548.2
SRR15115262.13519936,Acinetobacter_johnsonii,40214,NZ_CP022298.1
SRR15115262.13519936,Acinetobacter_johnsonii,40214,NZ_CP022298.1
SRR15115262.13599585,Acinetobacter_johnsonii,40214,NZ_CP037424.1
SRR15115262.13599585,Acinetobacter_johnsonii,40214,NZ_CP037424.1
SRR15115262.13693516,Acinetobacter_johnsonii,40214,NZ_CP022298.1
SRR15115262.13693516,Acinetobacter_johnsonii,40214,NZ_CP022298.1
SRR15115262.13693516,Acinetobacter_johnsonii,40214,NZ_CP022298.1
SRR15115262.13693516,Acinetobacter_johnsonii,40214,NZ_CP022298.1
SRR15115262.13747382,Acinetobacter_johnsonii,40214,NZ_CP037424.1
SRR15115262.13747382,Acinetobacter_johnsonii,40214,NZ_CP037424.1
SRR15115262.13747382,Acinetobacter_johnsonii,40214,NZ_CP037424.1
SRR15115262.13747382,Acinetobacter_johnsonii,40214,NZ_CP037424.1
SRR15115262.13832051,Methylomonas_clara,417,NZ_CP033953.1
SRR15115262.13832051,Methylomonas_clara,417,NZ_CP033953.1
SRR15115262.13876754,Bradyrhizobium_guangzhouense,1325095,NZ_CP030053.1
SRR15115262.13876754,Bradyrhizobium_guangzhouense,1325095,NZ_CP030053.1
SRR15115262.13876754,Bradyrhizobium_guangzhouense,1325095,NZ_CP030053.1
SRR15115262.13876754,Bradyrhizobium_guangzhouense,1325095,NZ_CP030053.1
SRR15115262.13943855,Acinetobacter_johnsonii,40214,NZ_CP022298.1
SRR15115262.13943855,Acinetobacter_johnsonii,40214,NZ_CP022298.1
SRR15115262.13967226,Sphingomonas_sp._LK11,1390395,NZ_CP013916.1
SRR15115262.13970346,Cutibacterium_acnes,1747,NZ_CP012352.1
SRR15115262.13970346,Cutibacterium_acnes,1747,NZ_CP012352.1
SRR15115262.13980151,Methylomonas_clara,417,NZ_CP033953.1
SRR15115262.13980151,Methylomonas_clara,417,NZ_CP033953.1
SRR15115262.13980151,Methylomonas_clara,417,NZ_CP033953.1
SRR15115262.13980151,Methylomonas_clara,417,NZ_CP033953.1
SRR15115262.13980844,Methylomonas_clara,417,NZ_CP033953.1
SRR15115262.13980844,Methylomonas_clara,417,NZ_CP033953.1
SRR15115262.13980844,Methylomonas_clara,417,NZ_CP033953.1
SRR15115262.13980844,Methylomonas_clara,417,NZ_CP033953.1
SRR15115262.14005202,Acinetobacter_johnsonii,40214,NZ_CP022298.1
SRR15115262.14005202,Acinetobacter_johnsonii,40214,NZ_CP022298.1
SRR15115262.140733,Acinetobacter_johnsonii,40214,NZ_CP037424.1
SRR15115262.140733,Acinetobacter_johnsonii,40214,NZ_CP037424.1
SRR15115262.14083281,Acinetobacter_johnsonii,40214,NZ_CP037424.1
SRR15115262.14083281,Acinetobacter_johnsonii,40214,NZ_CP037424.1
SRR15115262.14099030,Acinetobacter_baumannii,470,NZ_CP050529.1
SRR15115262.14112659,Acinetobacter_johnsonii,40214,NZ_CP022298.1
SRR15115262.14112659,Acinetobacter_johnsonii,40214,NZ_CP022298.1
SRR15115262.14125390,Janibacter_melonis,262209,NZ_CP044548.2
SRR15115262.14125390,Janibacter_melonis,262209,NZ_CP044548.2
SRR15115262.14157718,Acinetobacter_johnsonii,40214,NZ_CP022298.1
SRR15115262.1419877,Methyloversatilis_sp._RAC08,1842540,NZ_CP016448.1
SRR15115262.14247002,Klebsiella_pneumoniae,573,NZ_LR607360.1
SRR15115262.14278309,Acinetobacter_johnsonii,40214,NZ_CP022298.1
SRR15115262.14278309,Acinetobacter_johnsonii,40214,NZ_CP022298.1
SRR15115262.14278415,Acinetobacter_johnsonii,40214,NZ_CP022298.1
SRR15115262.14289549,Acinetobacter_johnsonii,40214,NZ_CP037424.1
SRR15115262.14318258,Moraxella_osloensis,34062,NZ_CP024180.2
SRR15115262.14318258,Moraxella_osloensis,34062,NZ_CP024180.2
SRR15115262.1435935,Acinetobacter_johnsonii,40214,NZ_CP037424.1
SRR15115262.1435935,Acinetobacter_johnsonii,40214,NZ_CP037424.1
SRR15115262.14394391,Acinetobacter_johnsonii,40214,NZ_CP022298.1
SRR15115262.14394391,Acinetobacter_johnsonii,40214,NZ_CP022298.1
SRR15115262.14440920,Janibacter_melonis,262209,NZ_CP044548.2
SRR15115262.14440920,Janibacter_melonis,262209,NZ_CP044548.2
SRR15115262.1458120,Klebsiella_pneumoniae,573,NZ_LR607360.1
SRR15115262.14587248,Acinetobacter_johnsonii,40214,NZ_CP022298.1
SRR15115262.14596400,Klebsiella_pneumoniae,573,NZ_LR607360.1
SRR15115262.1461093,Acinetobacter_johnsonii,40214,NZ_CP037424.1
SRR15115262.1461093,Acinetobacter_johnsonii,40214,NZ_CP037424.1
SRR15115262.1461093,Acinetobacter_johnsonii,40214,NZ_CP037424.1
SRR15115262.1461093,Acinetobacter_johnsonii,40214,NZ_CP037424.1
SRR15115262.14616415,Acinetobacter_johnsonii,40214,NZ_CP022298.1
SRR15115262.14652550,Aquabacterium_olei,1296669,NZ_CP029210.1
SRR15115262.14652550,Aquabacterium_olei,1296669,NZ_CP029210.1
SRR15115262.14652550,Aquabacterium_olei,1296669,NZ_CP029210.1
SRR15115262.14652550,Aquabacterium_olei,1296669,NZ_CP029210.1
SRR15115262.1470970,Acinetobacter_johnsonii,40214,NZ_CP037424.1
SRR15115262.1470970,Acinetobacter_johnsonii,40214,NZ_CP037424.1
SRR15115262.14756185,Acinetobacter_baumannii,470,NZ_CP042558.1
SRR15115262.14756185,Acinetobacter_baumannii,470,NZ_CP042558.1
SRR15115262.14756185,Acinetobacter_baumannii,470,NZ_CP042558.1
SRR15115262.14756185,Acinetobacter_baumannii,470,NZ_CP042558.1
SRR15115262.14779283,Acinetobacter_johnsonii,40214,NZ_CP037424.1
SRR15115262.14779283,Acinetobacter_johnsonii,40214,NZ_CP037424.1
SRR15115262.14781670,Acinetobacter_johnsonii,40214,NZ_CP037424.1
SRR15115262.14781670,Acinetobacter_johnsonii,40214,NZ_CP037424.1
SRR15115262.14827652,Acinetobacter_johnsonii,40214,NZ_CP037424.1
SRR15115262.14827652,Acinetobacter_johnsonii,40214,NZ_CP037424.1
SRR15115262.14872676,Acinetobacter_johnsonii,40214,NZ_CP022298.1
SRR15115262.14872676,Acinetobacter_johnsonii,40214,NZ_CP022298.1
SRR15115262.14934827,Klebsiella_pneumoniae,573,NZ_LR607360.1
SRR15115262.14935999,Acinetobacter_johnsonii,40214,NZ_CP031011.1
SRR15115262.14948604,Acinetobacter_johnsonii,40214,NZ_CP037424.1
SRR15115262.14948604,Acinetobacter_johnsonii,40214,NZ_CP037424.1
SRR15115262.15009267,Clostridium_tetani,1513,NZ_CP027782.1
SRR15115262.15019876,Methylomonas_clara,417,NZ_CP033953.1
SRR15115262.15019876,Methylomonas_clara,417,NZ_CP033953.1
SRR15115262.15019876,Methylomonas_clara,417,NZ_CP033953.1
SRR15115262.15019876,Methylomonas_clara,417,NZ_CP033953.1
SRR15115262.15043845,Stenotrophomonas_maltophilia,40324,NZ_CP040435.1
SRR15115262.15043845,Stenotrophomonas_maltophilia,40324,NZ_CP040435.1
SRR15115262.15085656,Sphingobium_hydrophobicum,1673076,NZ_CP022746.1
SRR15115262.15085656,Sphingobium_hydrophobicum,1673076,NZ_CP022746.1
SRR15115262.15086492,Bradyrhizobium_sp._BTAi1,288000,NC_009485.1
SRR15115262.15086492,Bradyrhizobium_sp._BTAi1,288000,NC_009485.1
SRR15115262.15086492,Bradyrhizobium_sp._BTAi1,288000,NC_009485.1
SRR15115262.15086492,Bradyrhizobium_sp._BTAi1,288000,NC_009485.1
SRR15115262.15090783,Klebsiella_pneumoniae,573,NZ_LR607360.1
SRR15115262.15115844,Acinetobacter_johnsonii,40214,NZ_CP043307.1
SRR15115262.15115844,Acinetobacter_johnsonii,40214,NZ_CP043307.1
SRR15115262.15115844,Acinetobacter_johnsonii,40214,NZ_CP043307.1
SRR15115262.15115844,Acinetobacter_johnsonii,40214,NZ_CP043307.1
SRR15115262.15184698,Acinetobacter_johnsonii,40214,NZ_CP022298.1
SRR15115262.15184698,Acinetobacter_johnsonii,40214,NZ_CP022298.1
SRR15115262.1518472,Cutibacterium_acnes,1747,NZ_CP012353.1
SRR15115262.1518472,Cutibacterium_acnes,1747,NZ_CP012353.1
SRR15115262.1518472,Cutibacterium_acnes,1747,NZ_CP012353.1
SRR15115262.1518472,Cutibacterium_acnes,1747,NZ_CP012353.1
SRR15115262.15194559,Moraxella_osloensis,34062,NZ_CP047226.1
SRR15115262.15194559,Moraxella_osloensis,34062,NZ_CP047226.1
SRR15115262.15194559,Moraxella_osloensis,34062,NZ_CP047226.1
SRR15115262.15194559,Moraxella_osloensis,34062,NZ_CP047226.1
SRR15115262.15211322,Sphingomonas_melonis,152682,NZ_CP023705.1
SRR15115262.15211322,Sphingomonas_melonis,152682,NZ_CP023705.1
SRR15115262.15211322,Sphingomonas_melonis,152682,NZ_CP023705.1
SRR15115262.15211322,Sphingomonas_melonis,152682,NZ_CP023705.1
SRR15115262.15244282,Klebsiella_pneumoniae,573,NZ_LR607360.1
SRR15115262.15256058,Moraxella_osloensis,34062,NZ_CP014234.1
SRR15115262.15256058,Moraxella_osloensis,34062,NZ_CP014234.1
SRR15115262.15256058,Moraxella_osloensis,34062,NZ_CP014234.1
SRR15115262.15256058,Moraxella_osloensis,34062,NZ_CP014234.1
SRR15115262.15259705,Acinetobacter_johnsonii,40214,NZ_CP022298.1
SRR15115262.1531783,Mitsuaria_sp._7,1658665,NZ_CP011514.1
SRR15115262.15327749,Acinetobacter_johnsonii,40214,NZ_CP037424.1
SRR15115262.15329558,Acinetobacter_lwoffii,28090,NZ_CP046296.1
SRR15115262.15329558,Acinetobacter_lwoffii,28090,NZ_CP046296.1
SRR15115262.15330027,Acinetobacter_lwoffii,28090,NZ_CP046296.1
SRR15115262.15340625,Klebsiella_pneumoniae,573,NZ_LR607360.1
SRR15115262.15363557,Acinetobacter_johnsonii,40214,NZ_CP022298.1
SRR15115262.15389182,Clostridium_botulinum,1491,NZ_CP027778.1
SRR15115262.15389182,Clostridium_botulinum,1491,NZ_CP027778.1
SRR15115262.15416848,Acinetobacter_johnsonii,40214,NZ_CP037424.1
SRR15115262.15416848,Acinetobacter_johnsonii,40214,NZ_CP037424.1
SRR15115262.15441824,Ralstonia_insidiosa,190721,NZ_CP016023.1
SRR15115262.15441824,Ralstonia_insidiosa,190721,NZ_CP016023.1
SRR15115262.15441824,Ralstonia_insidiosa,190721,NZ_CP016023.1
SRR15115262.15441824,Ralstonia_insidiosa,190721,NZ_CP016023.1
SRR15115262.15467499,Acinetobacter_johnsonii,40214,NZ_CP037424.1
SRR15115262.15467499,Acinetobacter_johnsonii,40214,NZ_CP037424.1
SRR15115262.15483842,Clostridium_botulinum,1491,NZ_CP027778.1
SRR15115262.15486792,Acinetobacter_johnsonii,40214,NZ_CP022298.1
SRR15115262.15486792,Acinetobacter_johnsonii,40214,NZ_CP022298.1
SRR15115262.15509178,Acinetobacter_johnsonii,40214,NZ_CP037424.1
SRR15115262.15509178,Acinetobacter_johnsonii,40214,NZ_CP037424.1
SRR15115262.15518103,Acinetobacter_johnsonii,40214,NZ_CP022298.1
SRR15115262.15518103,Acinetobacter_johnsonii,40214,NZ_CP022298.1
SRR15115262.15529018,Janibacter_melonis,262209,NZ_CP044548.2
SRR15115262.15529018,Janibacter_melonis,262209,NZ_CP044548.2
SRR15115262.15578440,Halomonas_sp._JS92-SW72,2306583,NZ_CP032147.1
SRR15115262.15616702,Acinetobacter_johnsonii,40214,NZ_CP022298.1
SRR15115262.15616702,Acinetobacter_johnsonii,40214,NZ_CP022298.1
SRR15115262.15616702,Acinetobacter_johnsonii,40214,NZ_CP022298.1
SRR15115262.15616702,Acinetobacter_johnsonii,40214,NZ_CP022298.1
SRR15115262.15627400,Klebsiella_pneumoniae,573,NZ_LR607360.1
SRR15115262.15666767,Methylobacterium_brachiatum,269660,NZ_CP033232.1
SRR15115262.15666767,Methylobacterium_brachiatum,269660,NZ_CP033232.1
SRR15115262.15666767,Methylobacterium_brachiatum,269660,NZ_CP033232.1
SRR15115262.15666767,Methylobacterium_brachiatum,269660,NZ_CP033232.1
SRR15115262.15677662,Caulobacter_mirabilis,69666,NZ_CP024201.1
SRR15115262.15677662,Caulobacter_mirabilis,69666,NZ_CP024201.1
SRR15115262.15682689,Acinetobacter_johnsonii,40214,NZ_CP037424.1
SRR15115262.15682689,Acinetobacter_johnsonii,40214,NZ_CP037424.1
SRR15115262.15682729,Acinetobacter_johnsonii,40214,NZ_CP037424.1
SRR15115262.15682729,Acinetobacter_johnsonii,40214,NZ_CP037424.1
SRR15115262.15682729,Acinetobacter_johnsonii,40214,NZ_CP037424.1
SRR15115262.15682729,Acinetobacter_johnsonii,40214,NZ_CP037424.1
SRR15115262.15772558,Burkholderia_contaminans,488447,NZ_CP042164.1
SRR15115262.15772558,Burkholderia_contaminans,488447,NZ_CP042164.1
SRR15115262.15772558,Burkholderia_contaminans,488447,NZ_CP042164.1
SRR15115262.15772558,Burkholderia_contaminans,488447,NZ_CP042164.1
SRR15115262.1577946,Acinetobacter_johnsonii,40214,NZ_CP037424.1
SRR15115262.1577946,Acinetobacter_johnsonii,40214,NZ_CP037424.1
SRR15115262.1577946,Acinetobacter_johnsonii,40214,NZ_CP037424.1
SRR15115262.1577946,Acinetobacter_johnsonii,40214,NZ_CP037424.1
SRR15115262.1578203,Acinetobacter_johnsonii,40214,NZ_CP037424.1
SRR15115262.1578203,Acinetobacter_johnsonii,40214,NZ_CP037424.1
SRR15115262.1578203,Acinetobacter_johnsonii,40214,NZ_CP037424.1
SRR15115262.1578203,Acinetobacter_johnsonii,40214,NZ_CP037424.1
SRR15115262.1582509,Janibacter_melonis,262209,NZ_CP044548.2
SRR15115262.1582509,Janibacter_melonis,262209,NZ_CP044548.2
SRR15115262.15828178,Acinetobacter_johnsonii,40214,NZ_CP022298.1
SRR15115262.1583619,Acinetobacter_johnsonii,40214,NZ_CP022298.1
SRR15115262.1583619,Acinetobacter_johnsonii,40214,NZ_CP022298.1
SRR15115262.1584381,Acinetobacter_johnsonii,40214,NZ_CP022298.1
SRR15115262.1584381,Acinetobacter_johnsonii,40214,NZ_CP022298.1
SRR15115262.1589338,Acinetobacter_johnsonii,40214,NZ_CP022298.1
SRR15115262.1589338,Acinetobacter_johnsonii,40214,NZ_CP022298.1
SRR15115262.15939205,Janibacter_melonis,262209,NZ_CP044548.2
SRR15115262.15939205,Janibacter_melonis,262209,NZ_CP044548.2
SRR15115262.1596779,Acinetobacter_johnsonii,40214,NZ_CP037424.1
SRR15115262.1596779,Acinetobacter_johnsonii,40214,NZ_CP037424.1
SRR15115262.15989075,Janibacter_melonis,262209,NZ_CP044548.2
SRR15115262.15989075,Janibacter_melonis,262209,NZ_CP044548.2
SRR15115262.15989086,Janibacter_melonis,262209,NZ_CP044548.2
SRR15115262.16063007,Methylobacterium_brachiatum,269660,NZ_CP033231.1
SRR15115262.16063007,Methylobacterium_brachiatum,269660,NZ_CP033231.1
SRR15115262.16063007,Methylobacterium_brachiatum,269660,NZ_CP033231.1
SRR15115262.16063007,Methylobacterium_brachiatum,269660,NZ_CP033231.1
SRR15115262.16077199,Acinetobacter_johnsonii,40214,NZ_CP022298.1
SRR15115262.16091540,Janibacter_melonis,262209,NZ_CP044548.2
SRR15115262.16091540,Janibacter_melonis,262209,NZ_CP044548.2
SRR15115262.16094945,Moraxella_osloensis,34062,NZ_CP024180.2
SRR15115262.16127660,Acinetobacter_johnsonii,40214,NZ_CP037424.1
SRR15115262.16127671,Acinetobacter_johnsonii,40214,NZ_CP037424.1
SRR15115262.16127671,Acinetobacter_johnsonii,40214,NZ_CP037424.1
SRR15115262.16141588,Ralstonia_insidiosa,190721,NZ_CP016022.1
SRR15115262.16141588,Ralstonia_insidiosa,190721,NZ_CP016022.1
SRR15115262.16142068,Ralstonia_insidiosa,190721,NZ_CP016022.1
SRR15115262.16142068,Ralstonia_insidiosa,190721,NZ_CP016022.1
SRR15115262.16154751,Delftia_tsuruhatensis,180282,NZ_CP045291.1
SRR15115262.16154751,Delftia_tsuruhatensis,180282,NZ_CP045291.1
SRR15115262.16154751,Delftia_tsuruhatensis,180282,NZ_CP045291.1
SRR15115262.16154751,Delftia_tsuruhatensis,180282,NZ_CP045291.1
SRR15115262.16162054,Ralstonia_insidiosa,190721,NZ_CP016023.1
SRR15115262.16162054,Ralstonia_insidiosa,190721,NZ_CP016023.1
SRR15115262.16162054,Ralstonia_insidiosa,190721,NZ_CP016023.1
SRR15115262.16162054,Ralstonia_insidiosa,190721,NZ_CP016023.1
SRR15115262.16168435,Acinetobacter_johnsonii,40214,NZ_CP037424.1
SRR15115262.1618825,Acinetobacter_johnsonii,40214,NZ_CP022298.1
SRR15115262.1618825,Acinetobacter_johnsonii,40214,NZ_CP022298.1
SRR15115262.16194815,Moraxella_osloensis,34062,NZ_CP047226.1
SRR15115262.16194815,Moraxella_osloensis,34062,NZ_CP047226.1
SRR15115262.16273362,Delftia_tsuruhatensis,180282,NZ_CP045291.1
SRR15115262.16273362,Delftia_tsuruhatensis,180282,NZ_CP045291.1
SRR15115262.16273362,Delftia_tsuruhatensis,180282,NZ_CP045291.1
SRR15115262.16273362,Delftia_tsuruhatensis,180282,NZ_CP045291.1
SRR15115262.16288307,Acinetobacter_johnsonii,40214,NZ_CP022298.1
SRR15115262.16295065,Janibacter_melonis,262209,NZ_CP044548.2
SRR15115262.16330840,Bradyrhizobium_sp._BTAi1,288000,NC_009485.1
SRR15115262.16330840,Bradyrhizobium_sp._BTAi1,288000,NC_009485.1
SRR15115262.16330840,Bradyrhizobium_sp._BTAi1,288000,NC_009485.1
SRR15115262.16330840,Bradyrhizobium_sp._BTAi1,288000,NC_009485.1
SRR15115262.16416994,Sphingomonas_melonis,152682,NZ_CP023705.1
SRR15115262.16416994,Sphingomonas_melonis,152682,NZ_CP023705.1
SRR15115262.16416994,Sphingomonas_melonis,152682,NZ_CP023705.1
SRR15115262.16416994,Sphingomonas_melonis,152682,NZ_CP023705.1
SRR15115262.16428344,Acinetobacter_johnsonii,40214,NZ_CP022298.1
SRR15115262.16520044,Acinetobacter_johnsonii,40214,NZ_CP022298.1
SRR15115262.16520044,Acinetobacter_johnsonii,40214,NZ_CP022298.1
SRR15115262.1652110,Cutibacterium_acnes,1747,NZ_CP033842.1
SRR15115262.1652110,Cutibacterium_acnes,1747,NZ_CP033842.1
SRR15115262.1652110,Cutibacterium_acnes,1747,NZ_CP033842.1
SRR15115262.1652110,Cutibacterium_acnes,1747,NZ_CP033842.1
SRR15115262.1666618,Acinetobacter_johnsonii,40214,NZ_CP022298.1
SRR15115262.16691919,Aquabacterium_olei,1296669,NZ_CP029210.1
SRR15115262.16691919,Aquabacterium_olei,1296669,NZ_CP029210.1
SRR15115262.16720445,Delftia_tsuruhatensis,180282,NZ_CP017420.1
SRR15115262.16720445,Delftia_tsuruhatensis,180282,NZ_CP017420.1
SRR15115262.16720689,Delftia_tsuruhatensis,180282,NZ_CP045291.1
SRR15115262.16720689,Delftia_tsuruhatensis,180282,NZ_CP045291.1
SRR15115262.16720689,Delftia_tsuruhatensis,180282,NZ_CP045291.1
SRR15115262.16720689,Delftia_tsuruhatensis,180282,NZ_CP045291.1
SRR15115262.16721172,Delftia_tsuruhatensis,180282,NZ_CP017420.1
SRR15115262.16721172,Delftia_tsuruhatensis,180282,NZ_CP017420.1
SRR15115262.16758985,Delftia_tsuruhatensis,180282,NZ_CP017420.1
SRR15115262.16758985,Delftia_tsuruhatensis,180282,NZ_CP017420.1
SRR15115262.16758985,Delftia_tsuruhatensis,180282,NZ_CP017420.1
SRR15115262.16758985,Delftia_tsuruhatensis,180282,NZ_CP017420.1
SRR15115262.16791379,Bradyrhizobium_sp._BTAi1,288000,NC_009485.1
SRR15115262.16791379,Bradyrhizobium_sp._BTAi1,288000,NC_009485.1
SRR15115262.16800832,Bradyrhizobium_sp._BTAi1,288000,NC_009485.1
SRR15115262.16800832,Bradyrhizobium_sp._BTAi1,288000,NC_009485.1
SRR15115262.16800832,Bradyrhizobium_sp._BTAi1,288000,NC_009485.1
SRR15115262.16800832,Bradyrhizobium_sp._BTAi1,288000,NC_009485.1
SRR15115262.16811924,Aquabacterium_olei,1296669,NZ_CP029210.1
SRR15115262.16811924,Aquabacterium_olei,1296669,NZ_CP029210.1
SRR15115262.16827694,Sphingomonas_melonis,152682,NZ_CP023705.1
SRR15115262.16827694,Sphingomonas_melonis,152682,NZ_CP023705.1
SRR15115262.16827694,Sphingomonas_melonis,152682,NZ_CP023705.1
SRR15115262.16827694,Sphingomonas_melonis,152682,NZ_CP023705.1
SRR15115262.16843088,Acinetobacter_johnsonii,40214,NZ_CP037424.1
SRR15115262.16843088,Acinetobacter_johnsonii,40214,NZ_CP037424.1
SRR15115262.16941169,Delftia_tsuruhatensis,180282,NZ_CP017420.1
SRR15115262.16941169,Delftia_tsuruhatensis,180282,NZ_CP017420.1
SRR15115262.16941169,Delftia_tsuruhatensis,180282,NZ_CP017420.1
SRR15115262.16941169,Delftia_tsuruhatensis,180282,NZ_CP017420.1
SRR15115262.1694959,Acinetobacter_johnsonii,40214,NZ_CP037424.1
SRR15115262.1694959,Acinetobacter_johnsonii,40214,NZ_CP037424.1
SRR15115262.17032547,Methylobacterium_brachiatum,269660,NZ_CP033231.1
SRR15115262.17032547,Methylobacterium_brachiatum,269660,NZ_CP033231.1
SRR15115262.17042968,Acinetobacter_johnsonii,40214,NZ_CP031011.1
SRR15115262.17042968,Acinetobacter_johnsonii,40214,NZ_CP031011.1
SRR15115262.17077917,Acinetobacter_johnsonii,40214,NZ_CP022298.1
SRR15115262.17077917,Acinetobacter_johnsonii,40214,NZ_CP022298.1
SRR15115262.17121218,Acinetobacter_johnsonii,40214,NZ_CP037424.1
SRR15115262.17121218,Acinetobacter_johnsonii,40214,NZ_CP037424.1
SRR15115262.17121218,Acinetobacter_johnsonii,40214,NZ_CP037424.1
SRR15115262.17121218,Acinetobacter_johnsonii,40214,NZ_CP037424.1
SRR15115262.17141048,Acinetobacter_johnsonii,40214,NZ_CP037424.1
SRR15115262.17141048,Acinetobacter_johnsonii,40214,NZ_CP037424.1
SRR15115262.17192890,Acinetobacter_johnsonii,40214,NZ_CP022298.1
SRR15115262.17192890,Acinetobacter_johnsonii,40214,NZ_CP022298.1
SRR15115262.1721083,Acinetobacter_johnsonii,40214,NZ_CP031011.1
SRR15115262.1721083,Acinetobacter_johnsonii,40214,NZ_CP031011.1
SRR15115262.17281199,Moraxella_osloensis,34062,NZ_CP040257.1
SRR15115262.17281199,Moraxella_osloensis,34062,NZ_CP040257.1
SRR15115262.17281199,Moraxella_osloensis,34062,NZ_CP040257.1
SRR15115262.17281199,Moraxella_osloensis,34062,NZ_CP040257.1
SRR15115262.17285851,Acinetobacter_johnsonii,40214,NZ_CP022298.1
SRR15115262.173975,Acinetobacter_johnsonii,40214,NZ_CP022298.1
SRR15115262.17421191,Acinetobacter_johnsonii,40214,NZ_CP022298.1
SRR15115262.17462890,Bradyrhizobium_guangzhouense,1325095,NZ_CP030053.1
SRR15115262.17462890,Bradyrhizobium_guangzhouense,1325095,NZ_CP030053.1
SRR15115262.17518892,Klebsiella_pneumoniae,573,NZ_LR607360.1
SRR15115262.17546121,Janibacter_melonis,262209,NZ_CP044548.2
SRR15115262.17546121,Janibacter_melonis,262209,NZ_CP044548.2
SRR15115262.17619952,Acinetobacter_johnsonii,40214,NZ_CP031011.1
SRR15115262.17619952,Acinetobacter_johnsonii,40214,NZ_CP031011.1
SRR15115262.17629828,Bradyrhizobium_sp._BTAi1,288000,NC_009485.1
SRR15115262.17629828,Bradyrhizobium_sp._BTAi1,288000,NC_009485.1
SRR15115262.17629828,Bradyrhizobium_sp._BTAi1,288000,NC_009485.1
SRR15115262.17629828,Bradyrhizobium_sp._BTAi1,288000,NC_009485.1
SRR15115262.17642382,Janibacter_melonis,262209,NZ_CP044548.2
SRR15115262.17642382,Janibacter_melonis,262209,NZ_CP044548.2
SRR15115262.1778285,Ralstonia_insidiosa,190721,NZ_CP016022.1
SRR15115262.1778285,Ralstonia_insidiosa,190721,NZ_CP016022.1
SRR15115262.1778285,Ralstonia_insidiosa,190721,NZ_CP016022.1
SRR15115262.1778285,Ralstonia_insidiosa,190721,NZ_CP016022.1
SRR15115262.1781066,Aquabacterium_olei,1296669,NZ_CP029210.1
SRR15115262.1781066,Aquabacterium_olei,1296669,NZ_CP029210.1
SRR15115262.1781663,Methylomonas_clara,417,NZ_CP033953.1
SRR15115262.17824229,Methylomonas_clara,417,NZ_CP033953.1
SRR15115262.17824229,Methylomonas_clara,417,NZ_CP033953.1
SRR15115262.17824229,Methylomonas_clara,417,NZ_CP033953.1
SRR15115262.17824229,Methylomonas_clara,417,NZ_CP033953.1
SRR15115262.1782731,Acinetobacter_johnsonii,40214,NZ_CP037424.1
SRR15115262.1782731,Acinetobacter_johnsonii,40214,NZ_CP037424.1
SRR15115262.17911609,Ralstonia_insidiosa,190721,NZ_CP016022.1
SRR15115262.17911609,Ralstonia_insidiosa,190721,NZ_CP016022.1
SRR15115262.17911609,Ralstonia_insidiosa,190721,NZ_CP016022.1
SRR15115262.17911609,Ralstonia_insidiosa,190721,NZ_CP016022.1
SRR15115262.17927144,Klebsiella_pneumoniae,573,NZ_LR607360.1
SRR15115262.17940232,Acinetobacter_johnsonii,40214,NZ_CP022298.1
SRR15115262.17940232,Acinetobacter_johnsonii,40214,NZ_CP022298.1
SRR15115262.17987936,Delftia_tsuruhatensis,180282,NZ_CP045291.1
SRR15115262.17987936,Delftia_tsuruhatensis,180282,NZ_CP045291.1
SRR15115262.17987936,Delftia_tsuruhatensis,180282,NZ_CP045291.1
SRR15115262.17987936,Delftia_tsuruhatensis,180282,NZ_CP045291.1
SRR15115262.18089335,Acinetobacter_johnsonii,40214,NZ_CP037424.1
SRR15115262.18089335,Acinetobacter_johnsonii,40214,NZ_CP037424.1
SRR15115262.18127587,Acinetobacter_johnsonii,40214,NZ_CP037424.1
SRR15115262.18127587,Acinetobacter_johnsonii,40214,NZ_CP037424.1
SRR15115262.18166818,Delftia_tsuruhatensis,180282,NZ_CP017420.1
SRR15115262.18166818,Delftia_tsuruhatensis,180282,NZ_CP017420.1
SRR15115262.18175771,Acinetobacter_johnsonii,40214,NZ_CP022298.1
SRR15115262.18175771,Acinetobacter_johnsonii,40214,NZ_CP022298.1
SRR15115262.18179761,Delftia_tsuruhatensis,180282,NZ_CP017420.1
SRR15115262.18179761,Delftia_tsuruhatensis,180282,NZ_CP017420.1
SRR15115262.18244910,Janibacter_melonis,262209,NZ_CP044548.2
SRR15115262.18244910,Janibacter_melonis,262209,NZ_CP044548.2
SRR15115262.18244910,Janibacter_melonis,262209,NZ_CP044548.2
SRR15115262.18244910,Janibacter_melonis,262209,NZ_CP044548.2
SRR15115262.18287754,Acinetobacter_johnsonii,40214,NZ_CP022298.1
SRR15115262.18287754,Acinetobacter_johnsonii,40214,NZ_CP022298.1
SRR15115262.18355234,Bradyrhizobium_sp._BTAi1,288000,NC_009485.1
SRR15115262.18355234,Bradyrhizobium_sp._BTAi1,288000,NC_009485.1
SRR15115262.18355234,Bradyrhizobium_sp._BTAi1,288000,NC_009485.1
SRR15115262.18355234,Bradyrhizobium_sp._BTAi1,288000,NC_009485.1
SRR15115262.18368610,Acinetobacter_johnsonii,40214,NZ_CP022298.1
SRR15115262.18368610,Acinetobacter_johnsonii,40214,NZ_CP022298.1
SRR15115262.18373892,Acinetobacter_johnsonii,40214,NZ_CP037424.1
SRR15115262.18373892,Acinetobacter_johnsonii,40214,NZ_CP037424.1
SRR15115262.18495673,Acinetobacter_johnsonii,40214,NZ_CP022298.1
SRR15115262.18509321,Sphingomonas_melonis,152682,NZ_CP023705.1
SRR15115262.18509321,Sphingomonas_melonis,152682,NZ_CP023705.1
SRR15115262.18548750,Delftia_tsuruhatensis,180282,NZ_CP045291.1
SRR15115262.18548750,Delftia_tsuruhatensis,180282,NZ_CP045291.1
SRR15115262.18548750,Delftia_tsuruhatensis,180282,NZ_CP045291.1
SRR15115262.18548750,Delftia_tsuruhatensis,180282,NZ_CP045291.1
SRR15115262.18557638,Acinetobacter_johnsonii,40214,NZ_CP031011.1
SRR15115262.18557638,Acinetobacter_johnsonii,40214,NZ_CP031011.1
SRR15115262.18625935,Acinetobacter_johnsonii,40214,NZ_CP031011.1
SRR15115262.18625935,Acinetobacter_johnsonii,40214,NZ_CP031011.1
SRR15115262.18645742,Acinetobacter_johnsonii,40214,NZ_CP031011.1
SRR15115262.18645742,Acinetobacter_johnsonii,40214,NZ_CP031011.1
SRR15115262.18647395,Klebsiella_pneumoniae,573,NZ_LR607360.1
SRR15115262.18869025,Bradyrhizobium_guangzhouense,1325095,NZ_CP030053.1
SRR15115262.18869295,Bradyrhizobium_guangzhouense,1325095,NZ_CP030053.1
SRR15115262.18869295,Bradyrhizobium_guangzhouense,1325095,NZ_CP030053.1
SRR15115262.18915134,Methylomonas_clara,417,NZ_CP033953.1
SRR15115262.18915134,Methylomonas_clara,417,NZ_CP033953.1
SRR15115262.18918943,Klebsiella_pneumoniae,573,NZ_LR607360.1
SRR15115262.19020071,Acinetobacter_johnsonii,40214,NZ_CP022298.1
SRR15115262.19020071,Acinetobacter_johnsonii,40214,NZ_CP022298.1
SRR15115262.19090561,Acinetobacter_johnsonii,40214,NZ_CP037424.1
SRR15115262.19090561,Acinetobacter_johnsonii,40214,NZ_CP037424.1
SRR15115262.19135862,Bradyrhizobium_sp._BTAi1,288000,NC_009485.1
SRR15115262.19135862,Bradyrhizobium_sp._BTAi1,288000,NC_009485.1
SRR15115262.19135862,Bradyrhizobium_sp._BTAi1,288000,NC_009485.1
SRR15115262.19135862,Bradyrhizobium_sp._BTAi1,288000,NC_009485.1
SRR15115262.19259273,Acinetobacter_johnsonii,40214,NZ_CP022298.1
SRR15115262.19259273,Acinetobacter_johnsonii,40214,NZ_CP022298.1
SRR15115262.19270169,Stenotrophomonas_maltophilia,40324,NZ_CP025298.1
SRR15115262.19270169,Stenotrophomonas_maltophilia,40324,NZ_CP025298.1
SRR15115262.19270169,Stenotrophomonas_maltophilia,40324,NZ_CP025298.1
SRR15115262.19270169,Stenotrophomonas_maltophilia,40324,NZ_CP025298.1
SRR15115262.19291587,Delftia_tsuruhatensis,180282,NZ_CP045291.1
SRR15115262.19291587,Delftia_tsuruhatensis,180282,NZ_CP045291.1
SRR15115262.19291587,Delftia_tsuruhatensis,180282,NZ_CP045291.1
SRR15115262.19291587,Delftia_tsuruhatensis,180282,NZ_CP045291.1
SRR15115262.19306607,Sphingomonas_sp._LK11,1390395,NZ_CP013916.1
SRR15115262.19306607,Sphingomonas_sp._LK11,1390395,NZ_CP013916.1
SRR15115262.19337444,Bradyrhizobium_sp._BTAi1,288000,NC_009485.1
SRR15115262.19337444,Bradyrhizobium_sp._BTAi1,288000,NC_009485.1
SRR15115262.19337444,Bradyrhizobium_sp._BTAi1,288000,NC_009485.1
SRR15115262.19337444,Bradyrhizobium_sp._BTAi1,288000,NC_009485.1
SRR15115262.19370563,Janibacter_melonis,262209,NZ_CP044548.2
SRR15115262.19370563,Janibacter_melonis,262209,NZ_CP044548.2
SRR15115262.19425097,Janibacter_melonis,262209,NZ_CP044548.2
SRR15115262.19425097,Janibacter_melonis,262209,NZ_CP044548.2
SRR15115262.19425097,Janibacter_melonis,262209,NZ_CP044548.2
SRR15115262.19425097,Janibacter_melonis,262209,NZ_CP044548.2
SRR15115262.19554034,Acinetobacter_johnsonii,40214,NZ_CP043307.1
SRR15115262.19603866,Halomonas_sp._JS92-SW72,2306583,NZ_CP032147.1
SRR15115262.19730008,Stenotrophomonas_maltophilia,40324,NZ_CP025298.1
SRR15115262.19730008,Stenotrophomonas_maltophilia,40324,NZ_CP025298.1
SRR15115262.19730008,Stenotrophomonas_maltophilia,40324,NZ_CP025298.1
SRR15115262.19730008,Stenotrophomonas_maltophilia,40324,NZ_CP025298.1
SRR15115262.19774186,Acinetobacter_johnsonii,40214,NZ_CP022298.1
SRR15115262.19821883,Janibacter_melonis,262209,NZ_CP044548.2
SRR15115262.19821883,Janibacter_melonis,262209,NZ_CP044548.2
SRR15115262.19821883,Janibacter_melonis,262209,NZ_CP044548.2
SRR15115262.19821883,Janibacter_melonis,262209,NZ_CP044548.2
SRR15115262.19843574,Janibacter_melonis,262209,NZ_CP044548.2
SRR15115262.19843574,Janibacter_melonis,262209,NZ_CP044548.2
SRR15115262.19846813,Moraxella_osloensis,34062,NZ_CP040257.1
SRR15115262.19846813,Moraxella_osloensis,34062,NZ_CP040257.1
SRR15115262.19850244,Moraxella_osloensis,34062,NZ_CP024176.2
SRR15115262.19850244,Moraxella_osloensis,34062,NZ_CP024176.2
SRR15115262.19850244,Moraxella_osloensis,34062,NZ_CP024176.2
SRR15115262.19850244,Moraxella_osloensis,34062,NZ_CP024176.2
SRR15115262.19863531,Acinetobacter_johnsonii,40214,NZ_CP022298.1
SRR15115262.19863531,Acinetobacter_johnsonii,40214,NZ_CP022298.1
SRR15115262.19948921,Ralstonia_insidiosa,190721,NZ_CP016023.1
SRR15115262.19948921,Ralstonia_insidiosa,190721,NZ_CP016023.1
SRR15115262.19949009,Ralstonia_insidiosa,190721,NZ_CP016023.1
SRR15115262.19949009,Ralstonia_insidiosa,190721,NZ_CP016023.1
SRR15115262.19953645,Acinetobacter_baumannii,470,NZ_CP050529.1
SRR15115262.19960733,Acinetobacter_johnsonii,40214,NZ_CP022298.1
SRR15115262.19960733,Acinetobacter_johnsonii,40214,NZ_CP022298.1
SRR15115262.20040374,Janibacter_melonis,262209,NZ_CP044548.2
SRR15115262.20040374,Janibacter_melonis,262209,NZ_CP044548.2
SRR15115262.20075297,Janibacter_melonis,262209,NZ_CP044548.2
SRR15115262.20075297,Janibacter_melonis,262209,NZ_CP044548.2
SRR15115262.20085804,Methyloversatilis_sp._RAC08,1842540,NZ_CP016448.1
SRR15115262.20091273,Sphingomonas_melonis,152682,NZ_CP023705.1
SRR15115262.20091273,Sphingomonas_melonis,152682,NZ_CP023705.1
SRR15115262.20091273,Sphingomonas_melonis,152682,NZ_CP023705.1
SRR15115262.20091273,Sphingomonas_melonis,152682,NZ_CP023705.1
SRR15115262.20094071,Acinetobacter_lwoffii,28090,NZ_CP046296.1
SRR15115262.20094071,Acinetobacter_lwoffii,28090,NZ_CP046296.1
SRR15115262.20111739,Moraxella_osloensis,34062,NZ_CP024180.2
SRR15115262.20111739,Moraxella_osloensis,34062,NZ_CP024180.2
SRR15115262.20134600,Acinetobacter_johnsonii,40214,NZ_CP043307.1
SRR15115262.20135366,Sphingobium_hydrophobicum,1673076,NZ_CP022745.1
SRR15115262.20135366,Sphingobium_hydrophobicum,1673076,NZ_CP022745.1
SRR15115262.20135366,Sphingobium_hydrophobicum,1673076,NZ_CP022745.1
SRR15115262.20135366,Sphingobium_hydrophobicum,1673076,NZ_CP022745.1
SRR15115262.20137522,Acinetobacter_johnsonii,40214,NZ_CP022298.1
SRR15115262.20137522,Acinetobacter_johnsonii,40214,NZ_CP022298.1
SRR15115262.20140458,Janibacter_melonis,262209,NZ_CP044548.2
SRR15115262.20140458,Janibacter_melonis,262209,NZ_CP044548.2
SRR15115262.20140458,Janibacter_melonis,262209,NZ_CP044548.2
SRR15115262.20140458,Janibacter_melonis,262209,NZ_CP044548.2
SRR15115262.20164170,Janibacter_melonis,262209,NZ_CP044548.2
SRR15115262.20164170,Janibacter_melonis,262209,NZ_CP044548.2
SRR15115262.20164170,Janibacter_melonis,262209,NZ_CP044548.2
SRR15115262.20164170,Janibacter_melonis,262209,NZ_CP044548.2
SRR15115262.20166551,Aquabacterium_olei,1296669,NZ_CP029210.1
SRR15115262.20166551,Aquabacterium_olei,1296669,NZ_CP029210.1
SRR15115262.20224698,Acinetobacter_johnsonii,40214,NZ_CP037424.1
SRR15115262.20230649,Delftia_tsuruhatensis,180282,NZ_CP017420.1
SRR15115262.20230649,Delftia_tsuruhatensis,180282,NZ_CP017420.1
SRR15115262.20354598,Klebsiella_pneumoniae,573,NZ_LR607360.1
SRR15115262.20357993,Acinetobacter_johnsonii,40214,NZ_CP022298.1
SRR15115262.20357993,Acinetobacter_johnsonii,40214,NZ_CP022298.1
SRR15115262.20357993,Acinetobacter_johnsonii,40214,NZ_CP022298.1
SRR15115262.20357993,Acinetobacter_johnsonii,40214,NZ_CP022298.1
SRR15115262.20375391,Acinetobacter_lwoffii,28090,NZ_CP054822.1
SRR15115262.20375391,Acinetobacter_lwoffii,28090,NZ_CP054822.1
SRR15115262.2045675,Janibacter_melonis,262209,NZ_CP044548.2
SRR15115262.2045675,Janibacter_melonis,262209,NZ_CP044548.2
SRR15115262.2070101,Pseudomonas_putida,303,NZ_AP015029.1
SRR15115262.2070101,Pseudomonas_putida,303,NZ_AP015029.1
SRR15115262.2165534,Clostridium_botulinum,1491,NZ_CP027778.1
SRR15115262.2165534,Clostridium_botulinum,1491,NZ_CP027778.1
SRR15115262.2258763,Janibacter_melonis,262209,NZ_CP044548.2
SRR15115262.2258763,Janibacter_melonis,262209,NZ_CP044548.2
SRR15115262.2258763,Janibacter_melonis,262209,NZ_CP044548.2
SRR15115262.2258763,Janibacter_melonis,262209,NZ_CP044548.2
SRR15115262.2261574,Burkholderia_contaminans,488447,NZ_CP046608.1
SRR15115262.2261574,Burkholderia_contaminans,488447,NZ_CP046608.1
SRR15115262.2293576,Acinetobacter_johnsonii,40214,NZ_CP022298.1
SRR15115262.229933,Acinetobacter_johnsonii,40214,NZ_CP022298.1
SRR15115262.229933,Acinetobacter_johnsonii,40214,NZ_CP022298.1
SRR15115262.2385352,Moraxella_osloensis,34062,NZ_CP024443.1
SRR15115262.2385352,Moraxella_osloensis,34062,NZ_CP024443.1
SRR15115262.2385352,Moraxella_osloensis,34062,NZ_CP024443.1
SRR15115262.2385352,Moraxella_osloensis,34062,NZ_CP024443.1
SRR15115262.2400890,Janibacter_melonis,262209,NZ_CP044548.2
SRR15115262.2400890,Janibacter_melonis,262209,NZ_CP044548.2
SRR15115262.2400890,Janibacter_melonis,262209,NZ_CP044548.2
SRR15115262.2400890,Janibacter_melonis,262209,NZ_CP044548.2
SRR15115262.2441544,Acinetobacter_johnsonii,40214,NZ_CP022298.1
SRR15115262.2441544,Acinetobacter_johnsonii,40214,NZ_CP022298.1
SRR15115262.2469263,Bradyrhizobium_sp._BTAi1,288000,NC_009485.1
SRR15115262.2469263,Bradyrhizobium_sp._BTAi1,288000,NC_009485.1
SRR15115262.2469263,Bradyrhizobium_sp._BTAi1,288000,NC_009485.1
SRR15115262.2469263,Bradyrhizobium_sp._BTAi1,288000,NC_009485.1
SRR15115262.2536063,Acinetobacter_johnsonii,40214,NZ_CP031011.1
SRR15115262.2545020,Stenotrophomonas_maltophilia,40324,NZ_CP025298.1
SRR15115262.2545020,Stenotrophomonas_maltophilia,40324,NZ_CP025298.1
SRR15115262.2550960,Sphingomonas_melonis,152682,NZ_CP023705.1
SRR15115262.2550960,Sphingomonas_melonis,152682,NZ_CP023705.1
SRR15115262.2563213,Acinetobacter_johnsonii,40214,NZ_CP037424.1
SRR15115262.2563213,Acinetobacter_johnsonii,40214,NZ_CP037424.1
SRR15115262.2731028,Ralstonia_insidiosa,190721,NZ_CP016023.1
SRR15115262.2731028,Ralstonia_insidiosa,190721,NZ_CP016023.1
SRR15115262.2731028,Ralstonia_insidiosa,190721,NZ_CP016023.1
SRR15115262.2731028,Ralstonia_insidiosa,190721,NZ_CP016023.1
SRR15115262.2745361,Acinetobacter_johnsonii,40214,NZ_CP037424.1
SRR15115262.2760745,Sphingomonas_melonis,152682,NZ_CP023705.1
SRR15115262.2761129,Sphingomonas_melonis,152682,NZ_CP023705.1
SRR15115262.2761129,Sphingomonas_melonis,152682,NZ_CP023705.1
SRR15115262.2769558,Sphingomonas_melonis,152682,NZ_CP023705.1
SRR15115262.2777803,Klebsiella_pneumoniae,573,NZ_LR607360.1
SRR15115262.2792613,Cutibacterium_acnes,1747,NZ_CP012351.1
SRR15115262.2792613,Cutibacterium_acnes,1747,NZ_CP012351.1
SRR15115262.2792613,Cutibacterium_acnes,1747,NZ_CP012351.1
SRR15115262.2792613,Cutibacterium_acnes,1747,NZ_CP012351.1
SRR15115262.2834100,Moraxella_osloensis,34062,NZ_CP024180.2
SRR15115262.2834100,Moraxella_osloensis,34062,NZ_CP024180.2
SRR15115262.2852582,Acinetobacter_johnsonii,40214,NZ_CP043307.1
SRR15115262.2867694,Janibacter_melonis,262209,NZ_CP044548.2
SRR15115262.290067,Methylobacterium_brachiatum,269660,NZ_CP033231.1
SRR15115262.290067,Methylobacterium_brachiatum,269660,NZ_CP033231.1
SRR15115262.2935931,Klebsiella_pneumoniae,573,NZ_LR607360.1
SRR15115262.2967801,Acinetobacter_johnsonii,40214,NZ_CP037424.1
SRR15115262.2967801,Acinetobacter_johnsonii,40214,NZ_CP037424.1
SRR15115262.297967,Bradyrhizobium_sp._BTAi1,288000,NC_009485.1
SRR15115262.297967,Bradyrhizobium_sp._BTAi1,288000,NC_009485.1
SRR15115262.297967,Bradyrhizobium_sp._BTAi1,288000,NC_009485.1
SRR15115262.297967,Bradyrhizobium_sp._BTAi1,288000,NC_009485.1
SRR15115262.299072,Bradyrhizobium_sp._BTAi1,288000,NC_009485.1
SRR15115262.299072,Bradyrhizobium_sp._BTAi1,288000,NC_009485.1
SRR15115262.3017857,Moraxella_osloensis,34062,NZ_CP024180.2
SRR15115262.3017857,Moraxella_osloensis,34062,NZ_CP024180.2
SRR15115262.3017857,Moraxella_osloensis,34062,NZ_CP024180.2
SRR15115262.3017857,Moraxella_osloensis,34062,NZ_CP024180.2
SRR15115262.3065213,Acinetobacter_johnsonii,40214,NZ_CP037424.1
SRR15115262.3065213,Acinetobacter_johnsonii,40214,NZ_CP037424.1
SRR15115262.3137341,Janibacter_melonis,262209,NZ_CP044548.2
SRR15115262.3137341,Janibacter_melonis,262209,NZ_CP044548.2
SRR15115262.3156747,Acinetobacter_johnsonii,40214,NZ_CP037424.1
SRR15115262.3238609,Bradyrhizobium_sp._BTAi1,288000,NC_009485.1
SRR15115262.3238609,Bradyrhizobium_sp._BTAi1,288000,NC_009485.1
SRR15115262.3238609,Bradyrhizobium_sp._BTAi1,288000,NC_009485.1
SRR15115262.3238609,Bradyrhizobium_sp._BTAi1,288000,NC_009485.1
SRR15115262.3259500,Acinetobacter_johnsonii,40214,NZ_CP037424.1
SRR15115262.3306693,Acinetobacter_johnsonii,40214,NZ_CP037424.1
SRR15115262.3306693,Acinetobacter_johnsonii,40214,NZ_CP037424.1
SRR15115262.3326536,Klebsiella_pneumoniae,573,NZ_LR607360.1
SRR15115262.3352581,Janibacter_melonis,262209,NZ_CP044548.2
SRR15115262.3352581,Janibacter_melonis,262209,NZ_CP044548.2
SRR15115262.3352581,Janibacter_melonis,262209,NZ_CP044548.2
SRR15115262.3352581,Janibacter_melonis,262209,NZ_CP044548.2
SRR15115262.3353449,Klebsiella_pneumoniae,573,NZ_LR607360.1
SRR15115262.3411176,Acinetobacter_johnsonii,40214,NZ_CP037424.1
SRR15115262.3411176,Acinetobacter_johnsonii,40214,NZ_CP037424.1
SRR15115262.3513069,Janibacter_melonis,262209,NZ_CP044548.2
SRR15115262.3513069,Janibacter_melonis,262209,NZ_CP044548.2
SRR15115262.3541156,Stenotrophomonas_maltophilia,40324,NZ_CP040429.1
SRR15115262.3541156,Stenotrophomonas_maltophilia,40324,NZ_CP040429.1
SRR15115262.3541156,Stenotrophomonas_maltophilia,40324,NZ_CP040429.1
SRR15115262.3541156,Stenotrophomonas_maltophilia,40324,NZ_CP040429.1
SRR15115262.35557,Acinetobacter_johnsonii,40214,NZ_CP022298.1
SRR15115262.35557,Acinetobacter_johnsonii,40214,NZ_CP022298.1
SRR15115262.35557,Acinetobacter_johnsonii,40214,NZ_CP022298.1
SRR15115262.35557,Acinetobacter_johnsonii,40214,NZ_CP022298.1
SRR15115262.3564193,Ralstonia_insidiosa,190721,NZ_CP016023.1
SRR15115262.3564193,Ralstonia_insidiosa,190721,NZ_CP016023.1
SRR15115262.3641649,Acinetobacter_johnsonii,40214,NZ_CP022298.1
SRR15115262.3641649,Acinetobacter_johnsonii,40214,NZ_CP022298.1
SRR15115262.3641814,Delftia_tsuruhatensis,180282,NZ_CP017420.1
SRR15115262.3641814,Delftia_tsuruhatensis,180282,NZ_CP017420.1
SRR15115262.3641948,Delftia_tsuruhatensis,180282,NZ_CP017420.1
SRR15115262.3668374,Delftia_tsuruhatensis,180282,NZ_CP017420.1
SRR15115262.3668374,Delftia_tsuruhatensis,180282,NZ_CP017420.1
SRR15115262.3668374,Delftia_tsuruhatensis,180282,NZ_CP017420.1
SRR15115262.3668374,Delftia_tsuruhatensis,180282,NZ_CP017420.1
SRR15115262.3753201,Methylomonas_clara,417,NZ_CP033953.1
SRR15115262.3753201,Methylomonas_clara,417,NZ_CP033953.1
SRR15115262.3758648,Acinetobacter_johnsonii,40214,NZ_CP022298.1
SRR15115262.3758648,Acinetobacter_johnsonii,40214,NZ_CP022298.1
SRR15115262.3758669,Acinetobacter_johnsonii,40214,NZ_CP037424.1
SRR15115262.377154,Bradyrhizobium_sp._BTAi1,288000,NC_009485.1
SRR15115262.377154,Bradyrhizobium_sp._BTAi1,288000,NC_009485.1
SRR15115262.377154,Bradyrhizobium_sp._BTAi1,288000,NC_009485.1
SRR15115262.377154,Bradyrhizobium_sp._BTAi1,288000,NC_009485.1
SRR15115262.377430,Delftia_tsuruhatensis,180282,NZ_CP045291.1
SRR15115262.377430,Delftia_tsuruhatensis,180282,NZ_CP045291.1
SRR15115262.377430,Delftia_tsuruhatensis,180282,NZ_CP045291.1
SRR15115262.377430,Delftia_tsuruhatensis,180282,NZ_CP045291.1
SRR15115262.377707,Delftia_tsuruhatensis,180282,NZ_CP045291.1
SRR15115262.377707,Delftia_tsuruhatensis,180282,NZ_CP045291.1
SRR15115262.3865244,Acinetobacter_johnsonii,40214,NZ_CP037424.1
SRR15115262.3865244,Acinetobacter_johnsonii,40214,NZ_CP037424.1
SRR15115262.3906495,Acinetobacter_johnsonii,40214,NZ_CP037424.1
SRR15115262.3906495,Acinetobacter_johnsonii,40214,NZ_CP037424.1
SRR15115262.3979445,Acinetobacter_johnsonii,40214,NZ_CP022298.1
SRR15115262.3979445,Acinetobacter_johnsonii,40214,NZ_CP022298.1
SRR15115262.3979445,Acinetobacter_johnsonii,40214,NZ_CP022298.1
SRR15115262.3979445,Acinetobacter_johnsonii,40214,NZ_CP022298.1
SRR15115262.3979517,Acinetobacter_johnsonii,40214,NZ_CP022298.1
SRR15115262.3979517,Acinetobacter_johnsonii,40214,NZ_CP022298.1
SRR15115262.3984526,Acinetobacter_johnsonii,40214,NZ_CP037424.1
SRR15115262.3984526,Acinetobacter_johnsonii,40214,NZ_CP037424.1
SRR15115262.4000679,Acinetobacter_johnsonii,40214,NZ_CP022298.1
SRR15115262.4000679,Acinetobacter_johnsonii,40214,NZ_CP022298.1
SRR15115262.4003848,Acinetobacter_johnsonii,40214,NZ_CP022298.1
SRR15115262.4003848,Acinetobacter_johnsonii,40214,NZ_CP022298.1
SRR15115262.418015,Acinetobacter_johnsonii,40214,NZ_CP031011.1
SRR15115262.4197095,Acinetobacter_johnsonii,40214,NZ_CP022298.1
SRR15115262.4197095,Acinetobacter_johnsonii,40214,NZ_CP022298.1
SRR15115262.4230154,Acinetobacter_johnsonii,40214,NZ_CP022298.1
SRR15115262.4230154,Acinetobacter_johnsonii,40214,NZ_CP022298.1
SRR15115262.4286561,Acinetobacter_johnsonii,40214,NZ_CP022298.1
SRR15115262.4286561,Acinetobacter_johnsonii,40214,NZ_CP022298.1
SRR15115262.4318288,Janibacter_melonis,262209,NZ_CP044548.2
SRR15115262.4318288,Janibacter_melonis,262209,NZ_CP044548.2
SRR15115262.4318288,Janibacter_melonis,262209,NZ_CP044548.2
SRR15115262.4318288,Janibacter_melonis,262209,NZ_CP044548.2
SRR15115262.4333550,Burkholderia_contaminans,488447,NZ_CP046609.1
SRR15115262.4333550,Burkholderia_contaminans,488447,NZ_CP046609.1
SRR15115262.4333550,Burkholderia_contaminans,488447,NZ_CP046609.1
SRR15115262.4333550,Burkholderia_contaminans,488447,NZ_CP046609.1
SRR15115262.4338780,Bradyrhizobium_sp._BTAi1,288000,NC_009485.1
SRR15115262.4338780,Bradyrhizobium_sp._BTAi1,288000,NC_009485.1
SRR15115262.4338780,Bradyrhizobium_sp._BTAi1,288000,NC_009485.1
SRR15115262.4338780,Bradyrhizobium_sp._BTAi1,288000,NC_009485.1
SRR15115262.448855,Acinetobacter_johnsonii,40214,NZ_CP022298.1
SRR15115262.448855,Acinetobacter_johnsonii,40214,NZ_CP022298.1
SRR15115262.4515371,Acinetobacter_johnsonii,40214,NZ_CP022298.1
SRR15115262.4515371,Acinetobacter_johnsonii,40214,NZ_CP022298.1
SRR15115262.4538984,Delftia_tsuruhatensis,180282,NZ_CP045291.1
SRR15115262.4538984,Delftia_tsuruhatensis,180282,NZ_CP045291.1
SRR15115262.4538984,Delftia_tsuruhatensis,180282,NZ_CP045291.1
SRR15115262.4538984,Delftia_tsuruhatensis,180282,NZ_CP045291.1
SRR15115262.4541091,Sphingomonas_melonis,152682,NZ_CP023705.1
SRR15115262.4541091,Sphingomonas_melonis,152682,NZ_CP023705.1
SRR15115262.4557520,Sphingomonas_melonis,152682,NZ_CP023705.1
SRR15115262.4557520,Sphingomonas_melonis,152682,NZ_CP023705.1
SRR15115262.4557520,Sphingomonas_melonis,152682,NZ_CP023705.1
SRR15115262.4557520,Sphingomonas_melonis,152682,NZ_CP023705.1
SRR15115262.4561152,Acinetobacter_baumannii,470,NZ_CP050529.1
SRR15115262.4561152,Acinetobacter_baumannii,470,NZ_CP050529.1
SRR15115262.4561152,Acinetobacter_baumannii,470,NZ_CP050529.1
SRR15115262.4561152,Acinetobacter_baumannii,470,NZ_CP050529.1
SRR15115262.4576196,Acinetobacter_johnsonii,40214,NZ_CP037424.1
SRR15115262.4576196,Acinetobacter_johnsonii,40214,NZ_CP037424.1
SRR15115262.4576196,Acinetobacter_johnsonii,40214,NZ_CP037424.1
SRR15115262.4576196,Acinetobacter_johnsonii,40214,NZ_CP037424.1
SRR15115262.4602278,Acinetobacter_johnsonii,40214,NZ_CP037424.1
SRR15115262.4602278,Acinetobacter_johnsonii,40214,NZ_CP037424.1
SRR15115262.4610042,Acinetobacter_johnsonii,40214,NZ_CP037424.1
SRR15115262.4610042,Acinetobacter_johnsonii,40214,NZ_CP037424.1
SRR15115262.4654509,Clostridium_botulinum,1491,NZ_CP027778.1
SRR15115262.4654509,Clostridium_botulinum,1491,NZ_CP027778.1
SRR15115262.4662467,Acinetobacter_johnsonii,40214,NZ_CP022298.1
SRR15115262.4662467,Acinetobacter_johnsonii,40214,NZ_CP022298.1
SRR15115262.472669,Delftia_tsuruhatensis,180282,NZ_CP045291.1
SRR15115262.472669,Delftia_tsuruhatensis,180282,NZ_CP045291.1
SRR15115262.4746550,Bradyrhizobium_sp._BTAi1,288000,NC_009485.1
SRR15115262.4746550,Bradyrhizobium_sp._BTAi1,288000,NC_009485.1
SRR15115262.4746550,Bradyrhizobium_sp._BTAi1,288000,NC_009485.1
SRR15115262.4746550,Bradyrhizobium_sp._BTAi1,288000,NC_009485.1
SRR15115262.4747318,Moraxella_osloensis,34062,NZ_AP017381.1
SRR15115262.4747318,Moraxella_osloensis,34062,NZ_AP017381.1
SRR15115262.4750814,Acinetobacter_johnsonii,40214,NZ_CP022298.1
SRR15115262.4750814,Acinetobacter_johnsonii,40214,NZ_CP022298.1
SRR15115262.4827336,Bradyrhizobium_sp._BTAi1,288000,NC_009485.1
SRR15115262.4827336,Bradyrhizobium_sp._BTAi1,288000,NC_009485.1
SRR15115262.4827336,Bradyrhizobium_sp._BTAi1,288000,NC_009485.1
SRR15115262.4827336,Bradyrhizobium_sp._BTAi1,288000,NC_009485.1
SRR15115262.4941672,Janibacter_melonis,262209,NZ_CP044548.2
SRR15115262.4941672,Janibacter_melonis,262209,NZ_CP044548.2
SRR15115262.4960847,Acinetobacter_johnsonii,40214,NZ_CP031011.1
SRR15115262.4960847,Acinetobacter_johnsonii,40214,NZ_CP031011.1
SRR15115262.4963562,Klebsiella_pneumoniae,573,NZ_LR607360.1
SRR15115262.5101271,Acinetobacter_johnsonii,40214,NZ_CP022298.1
SRR15115262.5101271,Acinetobacter_johnsonii,40214,NZ_CP022298.1
SRR15115262.5174415,Moraxella_osloensis,34062,NZ_CP047226.1
SRR15115262.5174415,Moraxella_osloensis,34062,NZ_CP047226.1
SRR15115262.5177120,Delftia_tsuruhatensis,180282,NZ_CP017420.1
SRR15115262.5177120,Delftia_tsuruhatensis,180282,NZ_CP017420.1
SRR15115262.5177120,Delftia_tsuruhatensis,180282,NZ_CP017420.1
SRR15115262.5177120,Delftia_tsuruhatensis,180282,NZ_CP017420.1
SRR15115262.5177170,Delftia_tsuruhatensis,180282,NZ_CP017420.1
SRR15115262.5177170,Delftia_tsuruhatensis,180282,NZ_CP017420.1
SRR15115262.5177170,Delftia_tsuruhatensis,180282,NZ_CP017420.1
SRR15115262.5177170,Delftia_tsuruhatensis,180282,NZ_CP017420.1
SRR15115262.5217366,Acinetobacter_johnsonii,40214,NZ_CP037424.1
SRR15115262.5217366,Acinetobacter_johnsonii,40214,NZ_CP037424.1
SRR15115262.5228116,Aquabacterium_olei,1296669,NZ_CP029210.1
SRR15115262.5228116,Aquabacterium_olei,1296669,NZ_CP029210.1
SRR15115262.5235118,Aquabacterium_olei,1296669,NZ_CP029210.1
SRR15115262.5235118,Aquabacterium_olei,1296669,NZ_CP029210.1
SRR15115262.5239684,Acinetobacter_johnsonii,40214,NZ_CP022298.1
SRR15115262.5239684,Acinetobacter_johnsonii,40214,NZ_CP022298.1
SRR15115262.5349756,Acinetobacter_johnsonii,40214,NZ_CP037424.1
SRR15115262.5349756,Acinetobacter_johnsonii,40214,NZ_CP037424.1
SRR15115262.5349756,Acinetobacter_johnsonii,40214,NZ_CP037424.1
SRR15115262.5349756,Acinetobacter_johnsonii,40214,NZ_CP037424.1
SRR15115262.5431854,Burkholderia_contaminans,488447,NZ_CP042164.1
SRR15115262.5431854,Burkholderia_contaminans,488447,NZ_CP042164.1
SRR15115262.5431854,Burkholderia_contaminans,488447,NZ_CP042164.1
SRR15115262.5431854,Burkholderia_contaminans,488447,NZ_CP042164.1
SRR15115262.5435601,Bradyrhizobium_guangzhouense,1325095,NZ_CP030053.1
SRR15115262.5435601,Bradyrhizobium_guangzhouense,1325095,NZ_CP030053.1
SRR15115262.548091,Aquabacterium_olei,1296669,NZ_CP029210.1
SRR15115262.548091,Aquabacterium_olei,1296669,NZ_CP029210.1
SRR15115262.548091,Aquabacterium_olei,1296669,NZ_CP029210.1
SRR15115262.548091,Aquabacterium_olei,1296669,NZ_CP029210.1
SRR15115262.5499843,Acinetobacter_baumannii,470,NZ_CP050529.1
SRR15115262.5528269,Delftia_tsuruhatensis,180282,NZ_CP045291.1
SRR15115262.5528269,Delftia_tsuruhatensis,180282,NZ_CP045291.1
SRR15115262.5528269,Delftia_tsuruhatensis,180282,NZ_CP045291.1
SRR15115262.5528269,Delftia_tsuruhatensis,180282,NZ_CP045291.1
SRR15115262.55449,Acinetobacter_johnsonii,40214,NZ_CP022298.1
SRR15115262.55449,Acinetobacter_johnsonii,40214,NZ_CP022298.1
SRR15115262.55517,Acinetobacter_johnsonii,40214,NZ_CP037424.1
SRR15115262.5565109,Acinetobacter_johnsonii,40214,NZ_CP037424.1
SRR15115262.5570485,Acinetobacter_johnsonii,40214,NZ_CP037424.1
SRR15115262.5570485,Acinetobacter_johnsonii,40214,NZ_CP037424.1
SRR15115262.5579658,Acinetobacter_johnsonii,40214,NZ_CP022298.1
SRR15115262.5579658,Acinetobacter_johnsonii,40214,NZ_CP022298.1
SRR15115262.5595154,Acinetobacter_johnsonii,40214,NZ_CP022298.1
SRR15115262.5595154,Acinetobacter_johnsonii,40214,NZ_CP022298.1
SRR15115262.5595384,Acinetobacter_johnsonii,40214,NZ_CP037424.1
SRR15115262.5595384,Acinetobacter_johnsonii,40214,NZ_CP037424.1
SRR15115262.5617891,Burkholderia_contaminans,488447,NZ_CP046609.1
SRR15115262.5617891,Burkholderia_contaminans,488447,NZ_CP046609.1
SRR15115262.583364,Acinetobacter_johnsonii,40214,NZ_CP022298.1
SRR15115262.583364,Acinetobacter_johnsonii,40214,NZ_CP022298.1
SRR15115262.5833743,Acinetobacter_johnsonii,40214,NZ_CP022298.1
SRR15115262.5833743,Acinetobacter_johnsonii,40214,NZ_CP022298.1
SRR15115262.5841967,Acinetobacter_johnsonii,40214,NZ_CP022298.1
SRR15115262.5841967,Acinetobacter_johnsonii,40214,NZ_CP022298.1
SRR15115262.5842601,Acinetobacter_johnsonii,40214,NZ_CP022298.1
SRR15115262.5842601,Acinetobacter_johnsonii,40214,NZ_CP022298.1
SRR15115262.5863544,Halomonas_sp._JS92-SW72,2306583,NZ_CP032147.1
SRR15115262.5863544,Halomonas_sp._JS92-SW72,2306583,NZ_CP032147.1
SRR15115262.5964432,Acinetobacter_baumannii,470,NZ_CP050529.1
SRR15115262.5972669,Acinetobacter_johnsonii,40214,NZ_CP037424.1
SRR15115262.5972669,Acinetobacter_johnsonii,40214,NZ_CP037424.1
SRR15115262.6009450,Acinetobacter_johnsonii,40214,NZ_CP022298.1
SRR15115262.6009450,Acinetobacter_johnsonii,40214,NZ_CP022298.1
SRR15115262.6090419,Acinetobacter_johnsonii,40214,NZ_CP037424.1
SRR15115262.6153143,Ralstonia_pickettii,329,NZ_CP023538.1
SRR15115262.6153355,Ralstonia_pickettii,329,NZ_CP023538.1
SRR15115262.6207050,Janibacter_melonis,262209,NZ_CP044548.2
SRR15115262.6207050,Janibacter_melonis,262209,NZ_CP044548.2
SRR15115262.6207050,Janibacter_melonis,262209,NZ_CP044548.2
SRR15115262.6207050,Janibacter_melonis,262209,NZ_CP044548.2
SRR15115262.6227182,Acinetobacter_johnsonii,40214,NZ_CP022298.1
SRR15115262.6227182,Acinetobacter_johnsonii,40214,NZ_CP022298.1
SRR15115262.6233003,Acinetobacter_johnsonii,40214,NZ_CP037424.1
SRR15115262.6242554,Pseudomonas_putida,303,NZ_CP022560.1
SRR15115262.6242554,Pseudomonas_putida,303,NZ_CP022560.1
SRR15115262.6242554,Pseudomonas_putida,303,NZ_CP022560.1
SRR15115262.6242554,Pseudomonas_putida,303,NZ_CP022560.1
SRR15115262.6390732,Acinetobacter_johnsonii,40214,NZ_CP022298.1
SRR15115262.6427985,Clostridium_botulinum,1491,NZ_CP027778.1
SRR15115262.6427985,Clostridium_botulinum,1491,NZ_CP027778.1
SRR15115262.644137,Acinetobacter_johnsonii,40214,NZ_CP031011.1
SRR15115262.644137,Acinetobacter_johnsonii,40214,NZ_CP031011.1
SRR15115262.6496644,Klebsiella_pneumoniae,573,NZ_LR607360.1
SRR15115262.6528757,Janibacter_melonis,262209,NZ_CP044548.2
SRR15115262.6528757,Janibacter_melonis,262209,NZ_CP044548.2
SRR15115262.6543434,Acinetobacter_lwoffii,28090,NZ_CP019143.1
SRR15115262.6543434,Acinetobacter_lwoffii,28090,NZ_CP019143.1
SRR15115262.6554807,Sphingomonas_melonis,152682,NZ_CP023705.1
SRR15115262.6554807,Sphingomonas_melonis,152682,NZ_CP023705.1
SRR15115262.6568804,Acinetobacter_johnsonii,40214,NZ_CP037424.1
SRR15115262.6568804,Acinetobacter_johnsonii,40214,NZ_CP037424.1
SRR15115262.6616650,Janibacter_melonis,262209,NZ_CP044548.2
SRR15115262.6642662,Klebsiella_pneumoniae,573,NZ_LR607360.1
SRR15115262.6698877,Bradyrhizobium_guangzhouense,1325095,NZ_CP030053.1
SRR15115262.6698877,Bradyrhizobium_guangzhouense,1325095,NZ_CP030053.1
SRR15115262.6737605,Aquabacterium_olei,1296669,NZ_CP029210.1
SRR15115262.6737605,Aquabacterium_olei,1296669,NZ_CP029210.1
SRR15115262.6743909,Acinetobacter_johnsonii,40214,NZ_CP031011.1
SRR15115262.6756316,Klebsiella_pneumoniae,573,NZ_LR607360.1
SRR15115262.6885235,Moraxella_osloensis,34062,NZ_CP040257.1
SRR15115262.6885235,Moraxella_osloensis,34062,NZ_CP040257.1
SRR15115262.6885235,Moraxella_osloensis,34062,NZ_CP040257.1
SRR15115262.6885235,Moraxella_osloensis,34062,NZ_CP040257.1
SRR15115262.6930944,Acinetobacter_johnsonii,40214,NZ_CP031011.1
SRR15115262.6930944,Acinetobacter_johnsonii,40214,NZ_CP031011.1
SRR15115262.6967752,Moraxella_osloensis,34062,NZ_AP017381.1
SRR15115262.6967752,Moraxella_osloensis,34062,NZ_AP017381.1
SRR15115262.6970225,Aquabacterium_olei,1296669,NZ_CP029210.1
SRR15115262.6970225,Aquabacterium_olei,1296669,NZ_CP029210.1
SRR15115262.6980049,Acinetobacter_johnsonii,40214,NZ_CP037424.1
SRR15115262.6980049,Acinetobacter_johnsonii,40214,NZ_CP037424.1
SRR15115262.7005485,Stenotrophomonas_maltophilia,40324,NZ_CP051467.1
SRR15115262.7005485,Stenotrophomonas_maltophilia,40324,NZ_CP051467.1
SRR15115262.7005485,Stenotrophomonas_maltophilia,40324,NZ_CP051467.1
SRR15115262.7005485,Stenotrophomonas_maltophilia,40324,NZ_CP051467.1
SRR15115262.7064580,Cutibacterium_acnes,1747,NZ_CP033842.1
SRR15115262.7064580,Cutibacterium_acnes,1747,NZ_CP033842.1
SRR15115262.7064580,Cutibacterium_acnes,1747,NZ_CP033842.1
SRR15115262.7064580,Cutibacterium_acnes,1747,NZ_CP033842.1
SRR15115262.7084470,Delftia_tsuruhatensis,180282,NZ_CP045291.1
SRR15115262.7084470,Delftia_tsuruhatensis,180282,NZ_CP045291.1
SRR15115262.7084470,Delftia_tsuruhatensis,180282,NZ_CP045291.1
SRR15115262.7084470,Delftia_tsuruhatensis,180282,NZ_CP045291.1
SRR15115262.7108270,Halomonas_sp._JS92-SW72,2306583,NZ_CP032147.1
SRR15115262.7108270,Halomonas_sp._JS92-SW72,2306583,NZ_CP032147.1
SRR15115262.7109003,Acinetobacter_johnsonii,40214,NZ_CP037424.1
SRR15115262.7109003,Acinetobacter_johnsonii,40214,NZ_CP037424.1
SRR15115262.7120040,Acinetobacter_johnsonii,40214,NZ_CP031011.1
SRR15115262.7120040,Acinetobacter_johnsonii,40214,NZ_CP031011.1
SRR15115262.7151396,Acinetobacter_johnsonii,40214,NZ_CP022298.1
SRR15115262.7151396,Acinetobacter_johnsonii,40214,NZ_CP022298.1
SRR15115262.7151396,Acinetobacter_johnsonii,40214,NZ_CP022298.1
SRR15115262.7151396,Acinetobacter_johnsonii,40214,NZ_CP022298.1
SRR15115262.7174646,Acinetobacter_johnsonii,40214,NZ_CP022298.1
SRR15115262.7174646,Acinetobacter_johnsonii,40214,NZ_CP022298.1
SRR15115262.7175847,Acinetobacter_johnsonii,40214,NZ_CP022298.1
SRR15115262.7175847,Acinetobacter_johnsonii,40214,NZ_CP022298.1
SRR15115262.7231319,Moraxella_osloensis,34062,NZ_CP024180.2
SRR15115262.7231319,Moraxella_osloensis,34062,NZ_CP024180.2
SRR15115262.7231319,Moraxella_osloensis,34062,NZ_CP024180.2
SRR15115262.7231319,Moraxella_osloensis,34062,NZ_CP024180.2
SRR15115262.7236388,Ralstonia_insidiosa,190721,NZ_CP016022.1
SRR15115262.7236388,Ralstonia_insidiosa,190721,NZ_CP016022.1
SRR15115262.7236388,Ralstonia_insidiosa,190721,NZ_CP016022.1
SRR15115262.7236388,Ralstonia_insidiosa,190721,NZ_CP016022.1
SRR15115262.7237972,Sphingomonas_melonis,152682,NZ_CP023705.1
SRR15115262.7237972,Sphingomonas_melonis,152682,NZ_CP023705.1
SRR15115262.7237972,Sphingomonas_melonis,152682,NZ_CP023705.1
SRR15115262.7237972,Sphingomonas_melonis,152682,NZ_CP023705.1
SRR15115262.7272155,Acinetobacter_johnsonii,40214,NZ_CP031011.1
SRR15115262.7272155,Acinetobacter_johnsonii,40214,NZ_CP031011.1
SRR15115262.7312008,Ralstonia_insidiosa,190721,NZ_CP012606.1
SRR15115262.7312008,Ralstonia_insidiosa,190721,NZ_CP012606.1
SRR15115262.7366786,Acinetobacter_johnsonii,40214,NZ_CP022298.1
SRR15115262.7366786,Acinetobacter_johnsonii,40214,NZ_CP022298.1
SRR15115262.7407639,Stenotrophomonas_maltophilia,40324,NZ_CP040433.1
SRR15115262.7407639,Stenotrophomonas_maltophilia,40324,NZ_CP040433.1
SRR15115262.7407639,Stenotrophomonas_maltophilia,40324,NZ_CP040433.1
SRR15115262.7407639,Stenotrophomonas_maltophilia,40324,NZ_CP040433.1
SRR15115262.7417348,Acinetobacter_johnsonii,40214,NZ_CP022298.1
SRR15115262.7469170,Acinetobacter_johnsonii,40214,NZ_CP043307.1
SRR15115262.7470911,Bradyrhizobium_sp._BTAi1,288000,NC_009485.1
SRR15115262.7491655,Acinetobacter_johnsonii,40214,NZ_CP022298.1
SRR15115262.7512803,Acinetobacter_johnsonii,40214,NZ_CP037424.1
SRR15115262.7512803,Acinetobacter_johnsonii,40214,NZ_CP037424.1
SRR15115262.7512803,Acinetobacter_johnsonii,40214,NZ_CP037424.1
SRR15115262.7512803,Acinetobacter_johnsonii,40214,NZ_CP037424.1
SRR15115262.7512883,Janibacter_melonis,262209,NZ_CP044548.2
SRR15115262.7512883,Janibacter_melonis,262209,NZ_CP044548.2
SRR15115262.7563528,Bradyrhizobium_sp._BTAi1,288000,NC_009485.1
SRR15115262.7563528,Bradyrhizobium_sp._BTAi1,288000,NC_009485.1
SRR15115262.7563528,Bradyrhizobium_sp._BTAi1,288000,NC_009485.1
SRR15115262.7563528,Bradyrhizobium_sp._BTAi1,288000,NC_009485.1
SRR15115262.7601401,Acinetobacter_johnsonii,40214,NZ_CP022298.1
SRR15115262.7601401,Acinetobacter_johnsonii,40214,NZ_CP022298.1
SRR15115262.7620550,Acinetobacter_johnsonii,40214,NZ_CP037424.1
SRR15115262.7620550,Acinetobacter_johnsonii,40214,NZ_CP037424.1
SRR15115262.7676085,Acinetobacter_johnsonii,40214,NZ_CP022298.1
SRR15115262.7722202,Acinetobacter_baumannii,470,NZ_CP050529.1
SRR15115262.7722202,Acinetobacter_baumannii,470,NZ_CP050529.1
SRR15115262.7794494,Acinetobacter_johnsonii,40214,NZ_CP022298.1
SRR15115262.7794494,Acinetobacter_johnsonii,40214,NZ_CP022298.1
SRR15115262.7817450,Acinetobacter_johnsonii,40214,NZ_CP037424.1
SRR15115262.7817450,Acinetobacter_johnsonii,40214,NZ_CP037424.1
SRR15115262.7817450,Acinetobacter_johnsonii,40214,NZ_CP037424.1
SRR15115262.7817450,Acinetobacter_johnsonii,40214,NZ_CP037424.1
SRR15115262.7822339,Acinetobacter_johnsonii,40214,NZ_CP037424.1
SRR15115262.783221,Acinetobacter_johnsonii,40214,NZ_CP022298.1
SRR15115262.78535,Acinetobacter_johnsonii,40214,NZ_CP031011.1
SRR15115262.7889751,Sphingomonas_melonis,152682,NZ_CP023705.1
SRR15115262.7889751,Sphingomonas_melonis,152682,NZ_CP023705.1
SRR15115262.7895660,Bradyrhizobium_sp._BTAi1,288000,NC_009485.1
SRR15115262.7895660,Bradyrhizobium_sp._BTAi1,288000,NC_009485.1
SRR15115262.7895660,Bradyrhizobium_sp._BTAi1,288000,NC_009485.1
SRR15115262.7895660,Bradyrhizobium_sp._BTAi1,288000,NC_009485.1
SRR15115262.7986155,Janibacter_melonis,262209,NZ_CP044548.2
SRR15115262.7989786,Janibacter_melonis,262209,NZ_CP044548.2
SRR15115262.7989786,Janibacter_melonis,262209,NZ_CP044548.2
SRR15115262.7989786,Janibacter_melonis,262209,NZ_CP044548.2
SRR15115262.7989786,Janibacter_melonis,262209,NZ_CP044548.2
SRR15115262.8009170,Acinetobacter_johnsonii,40214,NZ_CP022298.1
SRR15115262.8009170,Acinetobacter_johnsonii,40214,NZ_CP022298.1
SRR15115262.8009170,Acinetobacter_johnsonii,40214,NZ_CP022298.1
SRR15115262.8009170,Acinetobacter_johnsonii,40214,NZ_CP022298.1
SRR15115262.8009330,Acinetobacter_johnsonii,40214,NZ_CP022298.1
SRR15115262.8009330,Acinetobacter_johnsonii,40214,NZ_CP022298.1
SRR15115262.8012770,Acinetobacter_johnsonii,40214,NZ_CP022298.1
SRR15115262.8042545,Klebsiella_pneumoniae,573,NZ_LR607360.1
SRR15115262.8111204,Ralstonia_insidiosa,190721,NZ_CP012605.1
SRR15115262.8111204,Ralstonia_insidiosa,190721,NZ_CP012605.1
SRR15115262.8111204,Ralstonia_insidiosa,190721,NZ_CP012605.1
SRR15115262.8111204,Ralstonia_insidiosa,190721,NZ_CP012605.1
SRR15115262.8122410,Methyloversatilis_sp._RAC08,1842540,NZ_CP016448.1
SRR15115262.8122410,Methyloversatilis_sp._RAC08,1842540,NZ_CP016448.1
SRR15115262.8183745,Cutibacterium_acnes,1747,NZ_CP044255.1
SRR15115262.8183745,Cutibacterium_acnes,1747,NZ_CP044255.1
SRR15115262.8183745,Cutibacterium_acnes,1747,NZ_CP044255.1
SRR15115262.8183745,Cutibacterium_acnes,1747,NZ_CP044255.1
SRR15115262.8209858,Klebsiella_pneumoniae,573,NZ_LR607360.1
SRR15115262.8272142,Janibacter_melonis,262209,NZ_CP044548.2
SRR15115262.8272142,Janibacter_melonis,262209,NZ_CP044548.2
SRR15115262.8366809,Sphingomonas_sp._LK11,1390395,NZ_CP013916.1
SRR15115262.8366809,Sphingomonas_sp._LK11,1390395,NZ_CP013916.1
SRR15115262.8393446,Acinetobacter_johnsonii,40214,NZ_CP043307.1
SRR15115262.8400845,Acinetobacter_johnsonii,40214,NZ_CP022298.1
SRR15115262.8400845,Acinetobacter_johnsonii,40214,NZ_CP022298.1
SRR15115262.8426656,Acinetobacter_johnsonii,40214,NZ_CP022298.1
SRR15115262.8426656,Acinetobacter_johnsonii,40214,NZ_CP022298.1
SRR15115262.8448511,Janibacter_melonis,262209,NZ_CP044548.2
SRR15115262.8448511,Janibacter_melonis,262209,NZ_CP044548.2
SRR15115262.8448511,Janibacter_melonis,262209,NZ_CP044548.2
SRR15115262.8448511,Janibacter_melonis,262209,NZ_CP044548.2
SRR15115262.8457260,Acinetobacter_johnsonii,40214,NZ_CP022298.1
SRR15115262.8457260,Acinetobacter_johnsonii,40214,NZ_CP022298.1
SRR15115262.8485662,Methylomonas_clara,417,NZ_CP033953.1
SRR15115262.8485662,Methylomonas_clara,417,NZ_CP033953.1
SRR15115262.8485662,Methylomonas_clara,417,NZ_CP033953.1
SRR15115262.8485662,Methylomonas_clara,417,NZ_CP033953.1
SRR15115262.8485752,Methylomonas_clara,417,NZ_CP033953.1
SRR15115262.8485752,Methylomonas_clara,417,NZ_CP033953.1
SRR15115262.8500160,Ralstonia_insidiosa,190721,NZ_CP016022.1
SRR15115262.8500160,Ralstonia_insidiosa,190721,NZ_CP016022.1
SRR15115262.8500160,Ralstonia_insidiosa,190721,NZ_CP016022.1
SRR15115262.8500160,Ralstonia_insidiosa,190721,NZ_CP016022.1
SRR15115262.8544624,Cutibacterium_acnes,1747,NZ_CP012350.1
SRR15115262.8544624,Cutibacterium_acnes,1747,NZ_CP012350.1
SRR15115262.8544624,Cutibacterium_acnes,1747,NZ_CP012350.1
SRR15115262.8544624,Cutibacterium_acnes,1747,NZ_CP012350.1
SRR15115262.8546308,Acinetobacter_johnsonii,40214,NZ_CP022298.1
SRR15115262.8581708,Klebsiella_pneumoniae,573,NZ_LR607360.1
SRR15115262.8585998,Acinetobacter_johnsonii,40214,NZ_CP037424.1
SRR15115262.8585998,Acinetobacter_johnsonii,40214,NZ_CP037424.1
SRR15115262.8587469,Acinetobacter_johnsonii,40214,NZ_CP031011.1
SRR15115262.8587469,Acinetobacter_johnsonii,40214,NZ_CP031011.1
SRR15115262.8709995,Sphingobium_hydrophobicum,1673076,NZ_CP022745.1
SRR15115262.8709995,Sphingobium_hydrophobicum,1673076,NZ_CP022745.1
SRR15115262.8709995,Sphingobium_hydrophobicum,1673076,NZ_CP022745.1
SRR15115262.8709995,Sphingobium_hydrophobicum,1673076,NZ_CP022745.1
SRR15115262.8749433,Acinetobacter_johnsonii,40214,NZ_CP037424.1
SRR15115262.8749433,Acinetobacter_johnsonii,40214,NZ_CP037424.1
SRR15115262.8788718,Acinetobacter_baumannii,470,NZ_CP050529.1
SRR15115262.8788718,Acinetobacter_baumannii,470,NZ_CP050529.1
SRR15115262.8788718,Acinetobacter_baumannii,470,NZ_CP050529.1
SRR15115262.8788718,Acinetobacter_baumannii,470,NZ_CP050529.1
SRR15115262.8810503,Acinetobacter_johnsonii,40214,NZ_CP022298.1
SRR15115262.8810503,Acinetobacter_johnsonii,40214,NZ_CP022298.1
SRR15115262.9076637,Acinetobacter_johnsonii,40214,NZ_CP037424.1
SRR15115262.9096781,Acinetobacter_johnsonii,40214,NZ_CP037424.1
SRR15115262.9174936,Moraxella_osloensis,34062,NZ_CP014234.1
SRR15115262.9174936,Moraxella_osloensis,34062,NZ_CP014234.1
SRR15115262.9202630,Sphingomonas_sp._LK11,1390395,NZ_CP013916.1
SRR15115262.9202630,Sphingomonas_sp._LK11,1390395,NZ_CP013916.1
SRR15115262.9202630,Sphingomonas_sp._LK11,1390395,NZ_CP013916.1
SRR15115262.9202630,Sphingomonas_sp._LK11,1390395,NZ_CP013916.1
SRR15115262.9202934,Sphingomonas_sp._LK11,1390395,NZ_CP013916.1
SRR15115262.9202934,Sphingomonas_sp._LK11,1390395,NZ_CP013916.1
SRR15115262.9202934,Sphingomonas_sp._LK11,1390395,NZ_CP013916.1
SRR15115262.9202934,Sphingomonas_sp._LK11,1390395,NZ_CP013916.1
SRR15115262.924984,Acinetobacter_johnsonii,40214,NZ_CP037424.1
SRR15115262.9249919,Sphingobium_hydrophobicum,1673076,NZ_CP022745.1
SRR15115262.9249919,Sphingobium_hydrophobicum,1673076,NZ_CP022745.1
SRR15115262.9249919,Sphingobium_hydrophobicum,1673076,NZ_CP022745.1
SRR15115262.9249919,Sphingobium_hydrophobicum,1673076,NZ_CP022745.1
SRR15115262.9478542,Acinetobacter_johnsonii,40214,NZ_CP037424.1
SRR15115262.9484222,Methyloversatilis_sp._RAC08,1842540,NZ_CP016448.1
SRR15115262.9484222,Methyloversatilis_sp._RAC08,1842540,NZ_CP016448.1
SRR15115262.9517043,Acinetobacter_johnsonii,40214,NZ_CP022298.1
SRR15115262.9517043,Acinetobacter_johnsonii,40214,NZ_CP022298.1
SRR15115262.9517043,Acinetobacter_johnsonii,40214,NZ_CP022298.1
SRR15115262.9517043,Acinetobacter_johnsonii,40214,NZ_CP022298.1
SRR15115262.96576,Janibacter_melonis,262209,NZ_CP044548.2
SRR15115262.9699070,Burkholderia_contaminans,488447,NZ_CP042165.1
SRR15115262.9699070,Burkholderia_contaminans,488447,NZ_CP042165.1
SRR15115262.9704186,Acinetobacter_johnsonii,40214,NZ_CP043307.1
SRR15115262.9704186,Acinetobacter_johnsonii,40214,NZ_CP043307.1
SRR15115262.9779181,Acinetobacter_johnsonii,40214,NZ_CP022298.1
SRR15115262.9779181,Acinetobacter_johnsonii,40214,NZ_CP022298.1
SRR15115262.9781275,Acinetobacter_johnsonii,40214,NZ_CP031011.1
SRR15115262.9811363,Stenotrophomonas_maltophilia,40324,NZ_CP051467.1
SRR15115262.9811363,Stenotrophomonas_maltophilia,40324,NZ_CP051467.1
SRR15115262.9816424,Sphingomonas_sp._LK11,1390395,NZ_CP013916.1
SRR15115262.9816424,Sphingomonas_sp._LK11,1390395,NZ_CP013916.1
SRR15115262.9816424,Sphingomonas_sp._LK11,1390395,NZ_CP013916.1
SRR15115262.9816424,Sphingomonas_sp._LK11,1390395,NZ_CP013916.1
SRR15115262.9884558,Janibacter_melonis,262209,NZ_CP044548.2
SRR15115262.9884558,Janibacter_melonis,262209,NZ_CP044548.2
SRR15115262.9884558,Janibacter_melonis,262209,NZ_CP044548.2
SRR15115262.9884558,Janibacter_melonis,262209,NZ_CP044548.2
SRR15115262.9889880,Sphingobium_hydrophobicum,1673076,NZ_CP022745.1
SRR15115262.9889880,Sphingobium_hydrophobicum,1673076,NZ_CP022745.1
SRR15115262.9889880,Sphingobium_hydrophobicum,1673076,NZ_CP022745.1
SRR15115262.9889880,Sphingobium_hydrophobicum,1673076,NZ_CP022745.1
SRR15115262.9908291,Mitsuaria_sp._7,1658665,NZ_CP011514.1
SRR15115262.9908291,Mitsuaria_sp._7,1658665,NZ_CP011514.1
SRR15115262.9943831,Delftia_tsuruhatensis,180282,NZ_CP017420.1
SRR15115262.9943831,Delftia_tsuruhatensis,180282,NZ_CP017420.1
SRR15115262.9943831,Delftia_tsuruhatensis,180282,NZ_CP017420.1
SRR15115262.9943831,Delftia_tsuruhatensis,180282,NZ_CP017420.1
SRR15115262.9967477,Acinetobacter_lwoffii,28090,NZ_CP046296.1
SRR15115262.9967477,Acinetobacter_lwoffii,28090,NZ_CP046296.1
